"","V1"
"1","DiodorusSic"
"2","bugger all"
"3","Plutarch"
"4","bugger all"
"5","Polybius"
"6","bugger all"
"7","Hesiod"
"8","bugger all"
"9","Herodotus"
"10","bugger all"
"11","Thucydides"
"12","bugger all"
"13","Herodotus"
"14","bugger all"
"15","Aeschylus"
"16","bugger all"
"17","Aeschylus"
"18","bugger all"
"19","Sophocles"
"20","bugger all"
"21","Iliad"
"22","bugger all"
"23","Iliad"
"24","bugger all"
"25","Odyssey"
"26","bugger all"
"27","Sophocles"
"28","bugger all"
"29","Athenaeus"
"30","bugger all"
"31","Aeschylus"
"32","bugger all"
"33","Plutarch"
"34","bugger all"
"35","Iliad"
"36","bugger all"
"37","Herodotus"
"38","bugger all"
"39","Sophocles"
"40","bugger all"
"41","Odyssey"
"42","bugger all"
"43","Athenaeus"
"44","bugger all"
"45","Odyssey"
"46","bugger all"
"47","Plutarch"
"48","bugger all"
"49","Sophocles"
"50","bugger all"
"51","Herodotus"
"52","bugger all"
"53","Polybius"
"54","bugger all"
"55","Iliad"
"56","bugger all"
"57","Sophocles"
"58","bugger all"
"59","Aeschylus"
"60","bugger all"
"61","Athenaeus"
"62","bugger all"
"63","Odyssey"
"64","bugger all"
"65","Herodotus"
"66","bugger all"
"67","Odyssey"
"68","bugger all"
"69","Athenaeus"
"70","bugger all"
"71","Herodotus"
"72","bugger all"
"73","Odyssey"
"74","bugger all"
"75","Thucydides"
"76","bugger all"
"77","Herodotus"
"78","bugger all"
"79","Polybius"
"80","bugger all"
"81","Odyssey"
"82","bugger all"
"83","Athenaeus"
"84","bugger all"
"85","Plutarch"
"86","bugger all"
"87","Hesiod"
"88","bugger all"
"89","Herodotus"
"90","bugger all"
"91","Thucydides"
"92","bugger all"
"93","Sophocles"
"94","bugger all"
"95","Thucydides"
"96","bugger all"
"97","Hesiod"
"98","bugger all"
"99","Polybius"
"100","bugger all"
"101","Herodotus"
"102","bugger all"
"103","Odyssey"
"104","bugger all"
"105","Hesiod"
"106","bugger all"
"107","Sophocles"
"108","bugger all"
"109","Polybius"
"110","bugger all"
"111","Odyssey"
"112","bugger all"
"113","DiodorusSic"
"114","bugger all"
"115","Thucydides"
"116","bugger all"
"117","Odyssey"
"118","bugger all"
"119","Hesiod"
"120","bugger all"
"121","Athenaeus"
"122","bugger all"
"123","Herodotus"
"124","bugger all"
"125","Aeschylus"
"126","bugger all"
"127","Thucydides"
"128","bugger all"
"129","Polybius"
"130","bugger all"
"131","Aeschylus"
"132","bugger all"
"133","DiodorusSic"
"134","bugger all"
"135","Odyssey"
"136","bugger all"
"137","Odyssey"
"138","bugger all"
"139","Sophocles"
"140","bugger all"
"141","Iliad"
"142","bugger all"
"143","Polybius"
"144","bugger all"
"145","DiodorusSic"
"146","bugger all"
"147","Sophocles"
"148","bugger all"
"149","Aeschylus"
"150","bugger all"
"151","Iliad"
"152","bugger all"
"153","Thucydides"
"154","bugger all"
"155","Aeschylus"
"156","bugger all"
"157","Herodotus"
"158","bugger all"
"159","Plutarch"
"160","bugger all"
"161","Polybius"
"162","bugger all"
"163","Athenaeus"
"164","bugger all"
"165","Iliad"
"166","bugger all"
"167","Athenaeus"
"168","bugger all"
"169","Plutarch"
"170","bugger all"
"171","Plutarch"
"172","bugger all"
"173","Iliad"
"174","bugger all"
"175","Polybius"
"176","bugger all"
"177","Iliad"
"178","bugger all"
"179","Herodotus"
"180","bugger all"
"181","Thucydides"
"182","bugger all"
"183","DiodorusSic"
"184","bugger all"
"185","Odyssey"
"186","bugger all"
"187","Odyssey"
"188","bugger all"
"189","DiodorusSic"
"190","bugger all"
"191","Thucydides"
"192","bugger all"
"193","Athenaeus"
"194","bugger all"
"195","Polybius"
"196","bugger all"
"197","Odyssey"
"198","bugger all"
"199","Aeschylus"
"200","bugger all"
"201","Thucydides"
"202","bugger all"
"203","Athenaeus"
"204","bugger all"
"205","Herodotus"
"206","bugger all"
"207","Polybius"
"208","bugger all"
"209","DiodorusSic"
"210","bugger all"
"211","Odyssey"
"212","bugger all"
"213","Sophocles"
"214","bugger all"
"215","Odyssey"
"216","bugger all"
"217","Athenaeus"
"218","bugger all"
"219","Iliad"
"220","bugger all"
"221","Iliad"
"222","bugger all"
"223","Odyssey"
"224","bugger all"
"225","Plutarch"
"226","bugger all"
"227","DiodorusSic"
"228","bugger all"
"229","Polybius"
"230","bugger all"
"231","DiodorusSic"
"232","bugger all"
"233","Aeschylus"
"234","bugger all"
"235","DiodorusSic"
"236","bugger all"
"237","Herodotus"
"238","bugger all"
"239","Athenaeus"
"240","bugger all"
"241","Iliad"
"242","bugger all"
"243","Herodotus"
"244","bugger all"
"245","Aeschylus"
"246","bugger all"
"247","DiodorusSic"
"248","bugger all"
"249","Herodotus"
"250","bugger all"
"251","Aeschylus"
"252","bugger all"
"253","Thucydides"
"254","bugger all"
"255","Aeschylus"
"256","bugger all"
"257","Plutarch"
"258","bugger all"
"259","Iliad"
"260","bugger all"
"261","DiodorusSic"
"262","bugger all"
"263","Plutarch"
"264","bugger all"
"265","DiodorusSic"
"266","bugger all"
"267","Plutarch"
"268","bugger all"
"269","DiodorusSic"
"270","bugger all"
"271","Thucydides"
"272","bugger all"
"273","Polybius"
"274","bugger all"
"275","Athenaeus"
"276","bugger all"
"277","Hesiod"
"278","bugger all"
"279","Thucydides"
"280","bugger all"
"281","Odyssey"
"282","bugger all"
"283","Herodotus"
"284","bugger all"
"285","Iliad"
"286","bugger all"
"287","Aeschylus"
"288","bugger all"
"289","Aeschylus"
"290","bugger all"
"291","Plutarch"
"292","bugger all"
"293","Iliad"
"294","bugger all"
"295","Iliad"
"296","bugger all"
"297","Thucydides"
"298","bugger all"
"299","Aeschylus"
"300","bugger all"
"301","DiodorusSic"
"302","bugger all"
"303","Athenaeus"
"304","bugger all"
"305","Iliad"
"306","bugger all"
"307","Polybius"
"308","bugger all"
"309","Herodotus"
"310","bugger all"
"311","Odyssey"
"312","bugger all"
"313","Herodotus"
"314","bugger all"
"315","Sophocles"
"316","bugger all"
"317","Sophocles"
"318","bugger all"
"319","Herodotus"
"320","bugger all"
"321","Thucydides"
"322","bugger all"
"323","Thucydides"
"324","bugger all"
"325","Thucydides"
"326","bugger all"
"327","Aeschylus"
"328","bugger all"
"329","Plutarch"
"330","bugger all"
"331","Iliad"
"332","bugger all"
"333","Athenaeus"
"334","bugger all"
"335","Herodotus"
"336","bugger all"
"337","Thucydides"
"338","bugger all"
"339","Thucydides"
"340","bugger all"
"341","Hesiod"
"342","bugger all"
"343","Herodotus"
"344","bugger all"
"345","Athenaeus"
"346","bugger all"
"347","Polybius"
"348","bugger all"
"349","Polybius"
"350","bugger all"
"351","Herodotus"
"352","bugger all"
"353","Odyssey"
"354","bugger all"
"355","DiodorusSic"
"356","bugger all"
"357","Sophocles"
"358","bugger all"
"359","Herodotus"
"360","bugger all"
"361","Herodotus"
"362","bugger all"
"363","Polybius"
"364","bugger all"
"365","Plutarch"
"366","bugger all"
"367","DiodorusSic"
"368","bugger all"
"369","Odyssey"
"370","bugger all"
"371","Plutarch"
"372","bugger all"
"373","DiodorusSic"
"374","bugger all"
"375","DiodorusSic"
"376","bugger all"
"377","Aeschylus"
"378","bugger all"
"379","Hesiod"
"380","bugger all"
"381","Herodotus"
"382","bugger all"
"383","Odyssey"
"384","bugger all"
"385","Odyssey"
"386","bugger all"
"387","Hesiod"
"388","bugger all"
"389","Odyssey"
"390","bugger all"
"391","Polybius"
"392","bugger all"
"393","Athenaeus"
"394","bugger all"
"395","DiodorusSic"
"396","bugger all"
"397","Athenaeus"
"398","bugger all"
"399","Sophocles"
"400","bugger all"
"401","Iliad"
"402","bugger all"
"403","Thucydides"
"404","bugger all"
"405","Sophocles"
"406","bugger all"
"407","Polybius"
"408","bugger all"
"409","Aeschylus"
"410","bugger all"
"411","Herodotus"
"412","bugger all"
"413","Sophocles"
"414","bugger all"
"415","Aeschylus"
"416","bugger all"
"417","Polybius"
"418","bugger all"
"419","Iliad"
"420","bugger all"
"421","Odyssey"
"422","bugger all"
"423","Iliad"
"424","bugger all"
"425","DiodorusSic"
"426","bugger all"
"427","Aeschylus"
"428","bugger all"
"429","Iliad"
"430","bugger all"
"431","Thucydides"
"432","bugger all"
"433","Polybius"
"434","bugger all"
"435","Sophocles"
"436","bugger all"
"437","Herodotus"
"438","bugger all"
"439","Herodotus"
"440","bugger all"
"441","Polybius"
"442","bugger all"
"443","Thucydides"
"444","bugger all"
"445","Herodotus"
"446","bugger all"
"447","DiodorusSic"
"448","bugger all"
"449","Thucydides"
"450","bugger all"
"451","Herodotus"
"452","bugger all"
"453","Thucydides"
"454","bugger all"
"455","Iliad"
"456","bugger all"
"457","Iliad"
"458","bugger all"
"459","Iliad"
"460","bugger all"
"461","Hesiod"
"462","bugger all"
"463","Aeschylus"
"464","bugger all"
"465","Athenaeus"
"466","bugger all"
"467","Odyssey"
"468","bugger all"
"469","Plutarch"
"470","bugger all"
"471","DiodorusSic"
"472","bugger all"
"473","Iliad"
"474","bugger all"
"475","Polybius"
"476","bugger all"
"477","Polybius"
"478","bugger all"
"479","DiodorusSic"
"480","bugger all"
"481","Sophocles"
"482","bugger all"
"483","DiodorusSic"
"484","bugger all"
"485","Odyssey"
"486","bugger all"
"487","Aeschylus"
"488","bugger all"
"489","Iliad"
"490","bugger all"
"491","Iliad"
"492","bugger all"
"493","DiodorusSic"
"494","bugger all"
"495","Athenaeus"
"496","bugger all"
"497","Iliad"
"498","bugger all"
"499","Aeschylus"
"500","bugger all"
"501","Herodotus"
"502","bugger all"
"503","Thucydides"
"504","bugger all"
"505","Polybius"
"506","bugger all"
"507","Iliad"
"508","bugger all"
"509","DiodorusSic"
"510","bugger all"
"511","Herodotus"
"512","bugger all"
"513","Odyssey"
"514","bugger all"
"515","Athenaeus"
"516","bugger all"
"517","Polybius"
"518","bugger all"
"519","Athenaeus"
"520","bugger all"
"521","Iliad"
"522","bugger all"
"523","Plutarch"
"524","bugger all"
"525","DiodorusSic"
"526","bugger all"
"527","DiodorusSic"
"528","bugger all"
"529","Plutarch"
"530","bugger all"
"531","Sophocles"
"532","bugger all"
"533","Polybius"
"534","bugger all"
"535","Aeschylus"
"536","bugger all"
"537","DiodorusSic"
"538","bugger all"
"539","Sophocles"
"540","bugger all"
"541","Thucydides"
"542","bugger all"
"543","Sophocles"
"544","bugger all"
"545","Herodotus"
"546","bugger all"
"547","Odyssey"
"548","bugger all"
"549","Iliad"
"550","bugger all"
"551","Herodotus"
"552","bugger all"
"553","DiodorusSic"
"554","bugger all"
"555","Athenaeus"
"556","bugger all"
"557","Athenaeus"
"558","bugger all"
"559","Plutarch"
"560","bugger all"
"561","Thucydides"
"562","bugger all"
"563","Sophocles"
"564","bugger all"
"565","Iliad"
"566","bugger all"
"567","DiodorusSic"
"568","bugger all"
"569","Odyssey"
"570","bugger all"
"571","Thucydides"
"572","bugger all"
"573","Iliad"
"574","bugger all"
"575","Iliad"
"576","bugger all"
"577","Iliad"
"578","bugger all"
"579","Odyssey"
"580","bugger all"
"581","DiodorusSic"
"582","bugger all"
"583","Herodotus"
"584","bugger all"
"585","Plutarch"
"586","bugger all"
"587","Polybius"
"588","bugger all"
"589","Iliad"
"590","bugger all"
"591","Thucydides"
"592","bugger all"
"593","DiodorusSic"
"594","bugger all"
"595","Herodotus"
"596","bugger all"
"597","Odyssey"
"598","bugger all"
"599","Aeschylus"
"600","bugger all"
"601","Odyssey"
"602","bugger all"
"603","Aeschylus"
"604","bugger all"
"605","Sophocles"
"606","bugger all"
"607","Thucydides"
"608","bugger all"
"609","Herodotus"
"610","bugger all"
"611","Iliad"
"612","bugger all"
"613","DiodorusSic"
"614","bugger all"
"615","Iliad"
"616","bugger all"
"617","Iliad"
"618","bugger all"
"619","Iliad"
"620","bugger all"
"621","Aeschylus"
"622","bugger all"
"623","DiodorusSic"
"624","bugger all"
"625","Herodotus"
"626","bugger all"
"627","Iliad"
"628","bugger all"
"629","Athenaeus"
"630","bugger all"
"631","Athenaeus"
"632","bugger all"
"633","Thucydides"
"634","bugger all"
"635","Athenaeus"
"636","bugger all"
"637","Aeschylus"
"638","bugger all"
"639","Sophocles"
"640","bugger all"
"641","Thucydides"
"642","bugger all"
"643","DiodorusSic"
"644","bugger all"
"645","Aeschylus"
"646","bugger all"
"647","Odyssey"
"648","bugger all"
"649","Thucydides"
"650","bugger all"
"651","Thucydides"
"652","bugger all"
"653","Polybius"
"654","bugger all"
"655","Athenaeus"
"656","bugger all"
"657","Polybius"
"658","bugger all"
"659","DiodorusSic"
"660","bugger all"
"661","Athenaeus"
"662","bugger all"
"663","DiodorusSic"
"664","bugger all"
"665","Thucydides"
"666","bugger all"
"667","Polybius"
"668","bugger all"
"669","Aeschylus"
"670","bugger all"
"671","Athenaeus"
"672","bugger all"
"673","Odyssey"
"674","bugger all"
"675","Odyssey"
"676","bugger all"
"677","Aeschylus"
"678","bugger all"
"679","Odyssey"
"680","bugger all"
"681","Hesiod"
"682","bugger all"
"683","Plutarch"
"684","bugger all"
"685","Odyssey"
"686","bugger all"
"687","Aeschylus"
"688","bugger all"
"689","Odyssey"
"690","bugger all"
"691","Herodotus"
"692","bugger all"
"693","Aeschylus"
"694","bugger all"
"695","Aeschylus"
"696","bugger all"
"697","Aeschylus"
"698","bugger all"
"699","DiodorusSic"
"700","bugger all"
"701","Aeschylus"
"702","bugger all"
"703","Sophocles"
"704","bugger all"
"705","Sophocles"
"706","bugger all"
"707","Odyssey"
"708","bugger all"
"709","Athenaeus"
"710","bugger all"
"711","Odyssey"
"712","bugger all"
"713","DiodorusSic"
"714","bugger all"
"715","DiodorusSic"
"716","bugger all"
"717","DiodorusSic"
"718","bugger all"
"719","Herodotus"
"720","bugger all"
"721","Herodotus"
"722","bugger all"
"723","Odyssey"
"724","bugger all"
"725","Iliad"
"726","bugger all"
"727","Thucydides"
"728","bugger all"
"729","Polybius"
"730","bugger all"
"731","Polybius"
"732","bugger all"
"733","Aeschylus"
"734","bugger all"
"735","Thucydides"
"736","bugger all"
"737","Herodotus"
"738","bugger all"
"739","Athenaeus"
"740","bugger all"
"741","DiodorusSic"
"742","bugger all"
"743","Iliad"
"744","bugger all"
"745","Iliad"
"746","bugger all"
"747","Thucydides"
"748","bugger all"
"749","Herodotus"
"750","bugger all"
"751","Sophocles"
"752","bugger all"
"753","Thucydides"
"754","bugger all"
"755","Odyssey"
"756","bugger all"
"757","Iliad"
"758","bugger all"
"759","Odyssey"
"760","bugger all"
"761","Thucydides"
"762","bugger all"
"763","Odyssey"
"764","bugger all"
"765","Sophocles"
"766","bugger all"
"767","Athenaeus"
"768","bugger all"
"769","Herodotus"
"770","bugger all"
"771","Odyssey"
"772","bugger all"
"773","Iliad"
"774","bugger all"
"775","Odyssey"
"776","bugger all"
"777","Sophocles"
"778","bugger all"
"779","Iliad"
"780","bugger all"
"781","Iliad"
"782","bugger all"
"783","Thucydides"
"784","bugger all"
"785","Herodotus"
"786","bugger all"
"787","Thucydides"
"788","bugger all"
"789","Polybius"
"790","bugger all"
"791","Sophocles"
"792","bugger all"
"793","DiodorusSic"
"794","bugger all"
"795","Aeschylus"
"796","bugger all"
"797","Herodotus"
"798","bugger all"
"799","Thucydides"
"800","bugger all"
"801","Plutarch"
"802","bugger all"
"803","Herodotus"
"804","bugger all"
"805","Odyssey"
"806","bugger all"
"807","Plutarch"
"808","bugger all"
"809","Athenaeus"
"810","bugger all"
"811","DiodorusSic"
"812","bugger all"
"813","Herodotus"
"814","bugger all"
"815","Athenaeus"
"816","bugger all"
"817","Polybius"
"818","bugger all"
"819","Odyssey"
"820","bugger all"
"821","Aeschylus"
"822","bugger all"
"823","Athenaeus"
"824","bugger all"
"825","Herodotus"
"826","bugger all"
"827","Herodotus"
"828","bugger all"
"829","Odyssey"
"830","bugger all"
"831","DiodorusSic"
"832","bugger all"
"833","Sophocles"
"834","bugger all"
"835","Athenaeus"
"836","bugger all"
"837","Polybius"
"838","bugger all"
"839","Athenaeus"
"840","bugger all"
"841","Herodotus"
"842","bugger all"
"843","Athenaeus"
"844","bugger all"
"845","Athenaeus"
"846","bugger all"
"847","Athenaeus"
"848","bugger all"
"849","Odyssey"
"850","bugger all"
"851","Odyssey"
"852","bugger all"
"853","Plutarch"
"854","bugger all"
"855","Aeschylus"
"856","bugger all"
"857","Herodotus"
"858","bugger all"
"859","Iliad"
"860","bugger all"
"861","Thucydides"
"862","bugger all"
"863","Athenaeus"
"864","bugger all"
"865","Plutarch"
"866","bugger all"
"867","Herodotus"
"868","bugger all"
"869","Iliad"
"870","bugger all"
"871","Iliad"
"872","bugger all"
"873","Polybius"
"874","bugger all"
"875","Herodotus"
"876","bugger all"
"877","Athenaeus"
"878","bugger all"
"879","Athenaeus"
"880","bugger all"
"881","Plutarch"
"882","bugger all"
"883","Iliad"
"884","bugger all"
"885","Odyssey"
"886","bugger all"
"887","Sophocles"
"888","bugger all"
"889","DiodorusSic"
"890","bugger all"
"891","Thucydides"
"892","bugger all"
"893","Odyssey"
"894","bugger all"
"895","Herodotus"
"896","bugger all"
"897","Plutarch"
"898","bugger all"
"899","Hesiod"
"900","bugger all"
"901","Odyssey"
"902","bugger all"
"903","Odyssey"
"904","bugger all"
"905","Athenaeus"
"906","bugger all"
"907","Odyssey"
"908","bugger all"
"909","Aeschylus"
"910","bugger all"
"911","Athenaeus"
"912","bugger all"
"913","Herodotus"
"914","bugger all"
"915","Plutarch"
"916","bugger all"
"917","Aeschylus"
"918","bugger all"
"919","Plutarch"
"920","bugger all"
"921","Odyssey"
"922","bugger all"
"923","DiodorusSic"
"924","bugger all"
"925","Athenaeus"
"926","bugger all"
"927","Odyssey"
"928","bugger all"
"929","Aeschylus"
"930","bugger all"
"931","Athenaeus"
"932","bugger all"
"933","Plutarch"
"934","bugger all"
"935","Thucydides"
"936","bugger all"
"937","DiodorusSic"
"938","bugger all"
"939","Aeschylus"
"940","bugger all"
"941","Polybius"
"942","bugger all"
"943","Sophocles"
"944","bugger all"
"945","Odyssey"
"946","bugger all"
"947","Athenaeus"
"948","bugger all"
"949","Odyssey"
"950","bugger all"
"951","Sophocles"
"952","bugger all"
"953","Odyssey"
"954","bugger all"
"955","DiodorusSic"
"956","bugger all"
"957","Athenaeus"
"958","bugger all"
"959","Odyssey"
"960","bugger all"
"961","Athenaeus"
"962","bugger all"
"963","Odyssey"
"964","bugger all"
"965","Iliad"
"966","bugger all"
"967","Sophocles"
"968","bugger all"
"969","Hesiod"
"970","bugger all"
"971","Athenaeus"
"972","bugger all"
"973","Herodotus"
"974","bugger all"
"975","Herodotus"
"976","bugger all"
"977","Iliad"
"978","bugger all"
"979","Odyssey"
"980","bugger all"
"981","Odyssey"
"982","bugger all"
"983","Athenaeus"
"984","bugger all"
"985","Odyssey"
"986","bugger all"
"987","Athenaeus"
"988","bugger all"
"989","Polybius"
"990","bugger all"
"991","Polybius"
"992","bugger all"
"993","Athenaeus"
"994","bugger all"
"995","Plutarch"
"996","bugger all"
"997","Polybius"
"998","bugger all"
"999","Sophocles"
"1000","bugger all"
"1001","Aeschylus"
"1002","bugger all"
"1003","Thucydides"
"1004","bugger all"
"1005","Athenaeus"
"1006","bugger all"
"1007","Thucydides"
"1008","bugger all"
"1009","Sophocles"
"1010","bugger all"
"1011","Odyssey"
"1012","bugger all"
"1013","Odyssey"
"1014","bugger all"
"1015","Aeschylus"
"1016","bugger all"
"1017","Sophocles"
"1018","bugger all"
"1019","Thucydides"
"1020","bugger all"
"1021","Aeschylus"
"1022","bugger all"
"1023","Athenaeus"
"1024","bugger all"
"1025","Thucydides"
"1026","bugger all"
"1027","Iliad"
"1028","bugger all"
"1029","Odyssey"
"1030","bugger all"
"1031","Sophocles"
"1032","bugger all"
"1033","Herodotus"
"1034","bugger all"
"1035","Iliad"
"1036","bugger all"
"1037","Iliad"
"1038","bugger all"
"1039","Athenaeus"
"1040","bugger all"
"1041","Athenaeus"
"1042","bugger all"
"1043","Aeschylus"
"1044","bugger all"
"1045","DiodorusSic"
"1046","bugger all"
"1047","Thucydides"
"1048","bugger all"
"1049","Hesiod"
"1050","bugger all"
"1051","Thucydides"
"1052","bugger all"
"1053","Thucydides"
"1054","bugger all"
"1055","Plutarch"
"1056","bugger all"
"1057","DiodorusSic"
"1058","bugger all"
"1059","Plutarch"
"1060","bugger all"
"1061","Iliad"
"1062","bugger all"
"1063","Aeschylus"
"1064","bugger all"
"1065","DiodorusSic"
"1066","bugger all"
"1067","Aeschylus"
"1068","bugger all"
"1069","Iliad"
"1070","bugger all"
"1071","Aeschylus"
"1072","bugger all"
"1073","Thucydides"
"1074","bugger all"
"1075","DiodorusSic"
"1076","bugger all"
"1077","Thucydides"
"1078","bugger all"
"1079","Thucydides"
"1080","bugger all"
"1081","Herodotus"
"1082","bugger all"
"1083","Odyssey"
"1084","bugger all"
"1085","Aeschylus"
"1086","bugger all"
"1087","Thucydides"
"1088","bugger all"
"1089","Odyssey"
"1090","bugger all"
"1091","Polybius"
"1092","bugger all"
"1093","Aeschylus"
"1094","bugger all"
"1095","Athenaeus"
"1096","bugger all"
"1097","Aeschylus"
"1098","bugger all"
"1099","Herodotus"
"1100","bugger all"
"1101","DiodorusSic"
"1102","bugger all"
"1103","Iliad"
"1104","bugger all"
"1105","Polybius"
"1106","bugger all"
"1107","Athenaeus"
"1108","bugger all"
"1109","Plutarch"
"1110","bugger all"
"1111","Odyssey"
"1112","bugger all"
"1113","Athenaeus"
"1114","bugger all"
"1115","DiodorusSic"
"1116","bugger all"
"1117","Odyssey"
"1118","bugger all"
"1119","Polybius"
"1120","bugger all"
"1121","Aeschylus"
"1122","bugger all"
"1123","Iliad"
"1124","bugger all"
"1125","Odyssey"
"1126","bugger all"
"1127","Iliad"
"1128","bugger all"
"1129","Thucydides"
"1130","bugger all"
"1131","Herodotus"
"1132","bugger all"
"1133","Aeschylus"
"1134","bugger all"
"1135","Odyssey"
"1136","bugger all"
"1137","Athenaeus"
"1138","bugger all"
"1139","Iliad"
"1140","bugger all"
"1141","Polybius"
"1142","bugger all"
"1143","Athenaeus"
"1144","bugger all"
"1145","Odyssey"
"1146","bugger all"
"1147","Odyssey"
"1148","bugger all"
"1149","Athenaeus"
"1150","bugger all"
"1151","Aeschylus"
"1152","bugger all"
"1153","Polybius"
"1154","bugger all"
"1155","Athenaeus"
"1156","bugger all"
"1157","Aeschylus"
"1158","bugger all"
"1159","Herodotus"
"1160","bugger all"
"1161","Iliad"
"1162","bugger all"
"1163","Polybius"
"1164","bugger all"
"1165","Herodotus"
"1166","bugger all"
"1167","Polybius"
"1168","bugger all"
"1169","Herodotus"
"1170","bugger all"
"1171","Odyssey"
"1172","bugger all"
"1173","Athenaeus"
"1174","bugger all"
"1175","DiodorusSic"
"1176","bugger all"
"1177","Plutarch"
"1178","bugger all"
"1179","Odyssey"
"1180","bugger all"
"1181","Odyssey"
"1182","bugger all"
"1183","Odyssey"
"1184","bugger all"
"1185","Iliad"
"1186","bugger all"
"1187","Athenaeus"
"1188","bugger all"
"1189","Thucydides"
"1190","bugger all"
"1191","Polybius"
"1192","bugger all"
"1193","Odyssey"
"1194","bugger all"
"1195","Sophocles"
"1196","bugger all"
"1197","Herodotus"
"1198","bugger all"
"1199","DiodorusSic"
"1200","bugger all"
"1201","Aeschylus"
"1202","bugger all"
"1203","Sophocles"
"1204","bugger all"
"1205","Polybius"
"1206","bugger all"
"1207","Iliad"
"1208","bugger all"
"1209","Odyssey"
"1210","bugger all"
"1211","Plutarch"
"1212","bugger all"
"1213","Iliad"
"1214","bugger all"
"1215","DiodorusSic"
"1216","bugger all"
"1217","Athenaeus"
"1218","bugger all"
"1219","Hesiod"
"1220","bugger all"
"1221","Thucydides"
"1222","bugger all"
"1223","Iliad"
"1224","bugger all"
"1225","Sophocles"
"1226","bugger all"
"1227","Athenaeus"
"1228","bugger all"
"1229","Iliad"
"1230","bugger all"
"1231","Odyssey"
"1232","bugger all"
"1233","Sophocles"
"1234","bugger all"
"1235","Herodotus"
"1236","bugger all"
"1237","Aeschylus"
"1238","bugger all"
"1239","Aeschylus"
"1240","bugger all"
"1241","DiodorusSic"
"1242","bugger all"
"1243","Sophocles"
"1244","bugger all"
"1245","Hesiod"
"1246","bugger all"
"1247","Iliad"
"1248","bugger all"
"1249","Iliad"
"1250","bugger all"
"1251","DiodorusSic"
"1252","bugger all"
"1253","Hesiod"
"1254","bugger all"
"1255","Polybius"
"1256","bugger all"
"1257","DiodorusSic"
"1258","bugger all"
"1259","Athenaeus"
"1260","bugger all"
"1261","Thucydides"
"1262","bugger all"
"1263","Hesiod"
"1264","bugger all"
"1265","Odyssey"
"1266","bugger all"
"1267","Odyssey"
"1268","bugger all"
"1269","Polybius"
"1270","bugger all"
"1271","Herodotus"
"1272","bugger all"
"1273","Athenaeus"
"1274","bugger all"
"1275","DiodorusSic"
"1276","bugger all"
"1277","Aeschylus"
"1278","bugger all"
"1279","Odyssey"
"1280","bugger all"
"1281","Athenaeus"
"1282","bugger all"
"1283","Athenaeus"
"1284","bugger all"
"1285","Herodotus"
"1286","bugger all"
"1287","Plutarch"
"1288","bugger all"
"1289","Odyssey"
"1290","bugger all"
"1291","Iliad"
"1292","bugger all"
"1293","DiodorusSic"
"1294","bugger all"
"1295","Odyssey"
"1296","bugger all"
"1297","Odyssey"
"1298","bugger all"
"1299","Athenaeus"
"1300","bugger all"
"1301","DiodorusSic"
"1302","bugger all"
"1303","Thucydides"
"1304","bugger all"
"1305","Iliad"
"1306","bugger all"
"1307","Herodotus"
"1308","bugger all"
"1309","Aeschylus"
"1310","bugger all"
"1311","Thucydides"
"1312","bugger all"
"1313","Odyssey"
"1314","bugger all"
"1315","Athenaeus"
"1316","bugger all"
"1317","Herodotus"
"1318","bugger all"
"1319","Thucydides"
"1320","bugger all"
"1321","DiodorusSic"
"1322","bugger all"
"1323","Herodotus"
"1324","bugger all"
"1325","Iliad"
"1326","bugger all"
"1327","Sophocles"
"1328","bugger all"
"1329","Odyssey"
"1330","bugger all"
"1331","Odyssey"
"1332","bugger all"
"1333","Aeschylus"
"1334","bugger all"
"1335","Odyssey"
"1336","bugger all"
"1337","DiodorusSic"
"1338","bugger all"
"1339","Iliad"
"1340","bugger all"
"1341","Sophocles"
"1342","bugger all"
"1343","Iliad"
"1344","bugger all"
"1345","Thucydides"
"1346","bugger all"
"1347","Polybius"
"1348","bugger all"
"1349","Herodotus"
"1350","bugger all"
"1351","Iliad"
"1352","bugger all"
"1353","Aeschylus"
"1354","bugger all"
"1355","Sophocles"
"1356","bugger all"
"1357","Plutarch"
"1358","bugger all"
"1359","Iliad"
"1360","bugger all"
"1361","Thucydides"
"1362","bugger all"
"1363","Odyssey"
"1364","bugger all"
"1365","Thucydides"
"1366","bugger all"
"1367","Athenaeus"
"1368","bugger all"
"1369","Odyssey"
"1370","bugger all"
"1371","Herodotus"
"1372","bugger all"
"1373","Aeschylus"
"1374","bugger all"
"1375","Hesiod"
"1376","bugger all"
"1377","Thucydides"
"1378","bugger all"
"1379","Thucydides"
"1380","bugger all"
"1381","Herodotus"
"1382","bugger all"
"1383","DiodorusSic"
"1384","bugger all"
"1385","Odyssey"
"1386","bugger all"
"1387","Aeschylus"
"1388","bugger all"
"1389","Odyssey"
"1390","bugger all"
"1391","Sophocles"
"1392","bugger all"
"1393","Thucydides"
"1394","bugger all"
"1395","Odyssey"
"1396","bugger all"
"1397","Thucydides"
"1398","bugger all"
"1399","Plutarch"
"1400","bugger all"
"1401","Herodotus"
"1402","bugger all"
"1403","Herodotus"
"1404","bugger all"
"1405","Hesiod"
"1406","bugger all"
"1407","Athenaeus"
"1408","bugger all"
"1409","Athenaeus"
"1410","bugger all"
"1411","Polybius"
"1412","bugger all"
"1413","Athenaeus"
"1414","bugger all"
"1415","Plutarch"
"1416","bugger all"
"1417","Sophocles"
"1418","bugger all"
"1419","Hesiod"
"1420","bugger all"
"1421","Herodotus"
"1422","bugger all"
"1423","Iliad"
"1424","bugger all"
"1425","Athenaeus"
"1426","bugger all"
"1427","Athenaeus"
"1428","bugger all"
"1429","Polybius"
"1430","bugger all"
"1431","Aeschylus"
"1432","bugger all"
"1433","Iliad"
"1434","bugger all"
"1435","Herodotus"
"1436","bugger all"
"1437","Iliad"
"1438","bugger all"
"1439","Thucydides"
"1440","bugger all"
"1441","Odyssey"
"1442","bugger all"
"1443","Odyssey"
"1444","bugger all"
"1445","Athenaeus"
"1446","bugger all"
"1447","Athenaeus"
"1448","bugger all"
"1449","Athenaeus"
"1450","bugger all"
"1451","Iliad"
"1452","bugger all"
"1453","DiodorusSic"
"1454","bugger all"
"1455","Odyssey"
"1456","bugger all"
"1457","Herodotus"
"1458","bugger all"
"1459","Polybius"
"1460","bugger all"
"1461","Athenaeus"
"1462","bugger all"
"1463","Aeschylus"
"1464","bugger all"
"1465","Herodotus"
"1466","bugger all"
"1467","Herodotus"
"1468","bugger all"
"1469","Herodotus"
"1470","bugger all"
"1471","Athenaeus"
"1472","bugger all"
"1473","DiodorusSic"
"1474","bugger all"
"1475","Odyssey"
"1476","bugger all"
"1477","Iliad"
"1478","bugger all"
"1479","Polybius"
"1480","bugger all"
"1481","Thucydides"
"1482","bugger all"
"1483","DiodorusSic"
"1484","bugger all"
"1485","Aeschylus"
"1486","bugger all"
"1487","Herodotus"
"1488","bugger all"
"1489","Sophocles"
"1490","bugger all"
"1491","Odyssey"
"1492","bugger all"
"1493","Sophocles"
"1494","bugger all"
"1495","Thucydides"
"1496","bugger all"
"1497","Aeschylus"
"1498","bugger all"
"1499","Odyssey"
"1500","bugger all"
"1501","DiodorusSic"
"1502","bugger all"
"1503","Thucydides"
"1504","bugger all"
"1505","DiodorusSic"
"1506","bugger all"
"1507","Aeschylus"
"1508","bugger all"
"1509","Polybius"
"1510","bugger all"
"1511","Thucydides"
"1512","bugger all"
"1513","Odyssey"
"1514","bugger all"
"1515","Herodotus"
"1516","bugger all"
"1517","Athenaeus"
"1518","bugger all"
"1519","Iliad"
"1520","bugger all"
"1521","Iliad"
"1522","bugger all"
"1523","Odyssey"
"1524","bugger all"
"1525","Thucydides"
"1526","bugger all"
"1527","DiodorusSic"
"1528","bugger all"
"1529","Polybius"
"1530","bugger all"
"1531","Iliad"
"1532","bugger all"
"1533","Thucydides"
"1534","bugger all"
"1535","DiodorusSic"
"1536","bugger all"
"1537","Aeschylus"
"1538","bugger all"
"1539","Athenaeus"
"1540","bugger all"
"1541","Aeschylus"
"1542","bugger all"
"1543","Aeschylus"
"1544","bugger all"
"1545","Hesiod"
"1546","bugger all"
"1547","Herodotus"
"1548","bugger all"
"1549","DiodorusSic"
"1550","bugger all"
"1551","Odyssey"
"1552","bugger all"
"1553","Sophocles"
"1554","bugger all"
"1555","Thucydides"
"1556","bugger all"
"1557","DiodorusSic"
"1558","bugger all"
"1559","DiodorusSic"
"1560","bugger all"
"1561","Herodotus"
"1562","bugger all"
"1563","Odyssey"
"1564","bugger all"
"1565","Plutarch"
"1566","bugger all"
"1567","Aeschylus"
"1568","bugger all"
"1569","Herodotus"
"1570","bugger all"
"1571","Herodotus"
"1572","bugger all"
"1573","Polybius"
"1574","bugger all"
"1575","Odyssey"
"1576","bugger all"
"1577","Hesiod"
"1578","bugger all"
"1579","Herodotus"
"1580","bugger all"
"1581","DiodorusSic"
"1582","bugger all"
"1583","Iliad"
"1584","bugger all"
"1585","Herodotus"
"1586","bugger all"
"1587","Sophocles"
"1588","bugger all"
"1589","Sophocles"
"1590","bugger all"
"1591","Plutarch"
"1592","bugger all"
"1593","Polybius"
"1594","bugger all"
"1595","Athenaeus"
"1596","bugger all"
"1597","Aeschylus"
"1598","bugger all"
"1599","Odyssey"
"1600","bugger all"
"1601","Hesiod"
"1602","bugger all"
"1603","Odyssey"
"1604","bugger all"
"1605","Thucydides"
"1606","bugger all"
"1607","Iliad"
"1608","bugger all"
"1609","Polybius"
"1610","bugger all"
"1611","Herodotus"
"1612","bugger all"
"1613","Polybius"
"1614","bugger all"
"1615","Iliad"
"1616","bugger all"
"1617","Aeschylus"
"1618","bugger all"
"1619","DiodorusSic"
"1620","bugger all"
"1621","Thucydides"
"1622","bugger all"
"1623","Iliad"
"1624","bugger all"
"1625","Herodotus"
"1626","bugger all"
"1627","Odyssey"
"1628","bugger all"
"1629","Aeschylus"
"1630","bugger all"
"1631","Herodotus"
"1632","bugger all"
"1633","Sophocles"
"1634","bugger all"
"1635","Sophocles"
"1636","bugger all"
"1637","Thucydides"
"1638","bugger all"
"1639","Odyssey"
"1640","bugger all"
"1641","Plutarch"
"1642","bugger all"
"1643","Aeschylus"
"1644","bugger all"
"1645","Athenaeus"
"1646","bugger all"
"1647","DiodorusSic"
"1648","bugger all"
"1649","Aeschylus"
"1650","bugger all"
"1651","Herodotus"
"1652","bugger all"
"1653","Athenaeus"
"1654","bugger all"
"1655","Thucydides"
"1656","bugger all"
"1657","Odyssey"
"1658","bugger all"
"1659","DiodorusSic"
"1660","bugger all"
"1661","Herodotus"
"1662","bugger all"
"1663","Iliad"
"1664","bugger all"
"1665","Thucydides"
"1666","bugger all"
"1667","Odyssey"
"1668","bugger all"
"1669","DiodorusSic"
"1670","bugger all"
"1671","Athenaeus"
"1672","bugger all"
"1673","Herodotus"
"1674","bugger all"
"1675","Hesiod"
"1676","bugger all"
"1677","Polybius"
"1678","bugger all"
"1679","Hesiod"
"1680","bugger all"
"1681","Odyssey"
"1682","bugger all"
"1683","Aeschylus"
"1684","bugger all"
"1685","Athenaeus"
"1686","bugger all"
"1687","Athenaeus"
"1688","bugger all"
"1689","Athenaeus"
"1690","bugger all"
"1691","Thucydides"
"1692","bugger all"
"1693","Sophocles"
"1694","bugger all"
"1695","Athenaeus"
"1696","bugger all"
"1697","Herodotus"
"1698","bugger all"
"1699","DiodorusSic"
"1700","bugger all"
"1701","Iliad"
"1702","bugger all"
"1703","DiodorusSic"
"1704","bugger all"
"1705","Sophocles"
"1706","bugger all"
"1707","Plutarch"
"1708","bugger all"
"1709","Aeschylus"
"1710","bugger all"
"1711","Aeschylus"
"1712","bugger all"
"1713","Herodotus"
"1714","bugger all"
"1715","Aeschylus"
"1716","bugger all"
"1717","DiodorusSic"
"1718","bugger all"
"1719","Aeschylus"
"1720","bugger all"
"1721","Odyssey"
"1722","bugger all"
"1723","Thucydides"
"1724","bugger all"
"1725","Iliad"
"1726","bugger all"
"1727","Plutarch"
"1728","bugger all"
"1729","Polybius"
"1730","bugger all"
"1731","Thucydides"
"1732","bugger all"
"1733","Thucydides"
"1734","bugger all"
"1735","Athenaeus"
"1736","bugger all"
"1737","Sophocles"
"1738","bugger all"
"1739","Iliad"
"1740","bugger all"
"1741","Thucydides"
"1742","bugger all"
"1743","Iliad"
"1744","bugger all"
"1745","Odyssey"
"1746","bugger all"
"1747","Aeschylus"
"1748","bugger all"
"1749","DiodorusSic"
"1750","bugger all"
"1751","Odyssey"
"1752","bugger all"
"1753","Iliad"
"1754","bugger all"
"1755","Odyssey"
"1756","bugger all"
"1757","Hesiod"
"1758","bugger all"
"1759","DiodorusSic"
"1760","bugger all"
"1761","Sophocles"
"1762","bugger all"
"1763","DiodorusSic"
"1764","bugger all"
"1765","Athenaeus"
"1766","bugger all"
"1767","DiodorusSic"
"1768","bugger all"
"1769","Athenaeus"
"1770","bugger all"
"1771","Odyssey"
"1772","bugger all"
"1773","Herodotus"
"1774","bugger all"
"1775","Aeschylus"
"1776","bugger all"
"1777","DiodorusSic"
"1778","bugger all"
"1779","Sophocles"
"1780","bugger all"
"1781","Herodotus"
"1782","bugger all"
"1783","Herodotus"
"1784","bugger all"
"1785","Athenaeus"
"1786","bugger all"
"1787","Plutarch"
"1788","bugger all"
"1789","Hesiod"
"1790","bugger all"
"1791","Odyssey"
"1792","bugger all"
"1793","Herodotus"
"1794","bugger all"
"1795","Thucydides"
"1796","bugger all"
"1797","Iliad"
"1798","bugger all"
"1799","Athenaeus"
"1800","bugger all"
"1801","Sophocles"
"1802","bugger all"
"1803","Sophocles"
"1804","bugger all"
"1805","DiodorusSic"
"1806","bugger all"
"1807","DiodorusSic"
"1808","bugger all"
"1809","Athenaeus"
"1810","bugger all"
"1811","Iliad"
"1812","bugger all"
"1813","Aeschylus"
"1814","bugger all"
"1815","Aeschylus"
"1816","bugger all"
"1817","Sophocles"
"1818","bugger all"
"1819","Plutarch"
"1820","bugger all"
"1821","Iliad"
"1822","bugger all"
"1823","Aeschylus"
"1824","bugger all"
"1825","Aeschylus"
"1826","bugger all"
"1827","Polybius"
"1828","bugger all"
"1829","DiodorusSic"
"1830","bugger all"
"1831","Thucydides"
"1832","bugger all"
"1833","Sophocles"
"1834","bugger all"
"1835","Herodotus"
"1836","bugger all"
"1837","Iliad"
"1838","bugger all"
"1839","DiodorusSic"
"1840","bugger all"
"1841","Herodotus"
"1842","bugger all"
"1843","Polybius"
"1844","bugger all"
"1845","Hesiod"
"1846","bugger all"
"1847","Odyssey"
"1848","bugger all"
"1849","Thucydides"
"1850","bugger all"
"1851","Odyssey"
"1852","bugger all"
"1853","Odyssey"
"1854","bugger all"
"1855","DiodorusSic"
"1856","bugger all"
"1857","Plutarch"
"1858","bugger all"
"1859","Iliad"
"1860","bugger all"
"1861","Sophocles"
"1862","bugger all"
"1863","Sophocles"
"1864","bugger all"
"1865","Odyssey"
"1866","bugger all"
"1867","Athenaeus"
"1868","bugger all"
"1869","Polybius"
"1870","bugger all"
"1871","Herodotus"
"1872","bugger all"
"1873","Herodotus"
"1874","bugger all"
"1875","DiodorusSic"
"1876","bugger all"
"1877","Odyssey"
"1878","bugger all"
"1879","Odyssey"
"1880","bugger all"
"1881","Sophocles"
"1882","bugger all"
"1883","DiodorusSic"
"1884","bugger all"
"1885","Thucydides"
"1886","bugger all"
"1887","Iliad"
"1888","bugger all"
"1889","Odyssey"
"1890","bugger all"
"1891","Hesiod"
"1892","bugger all"
"1893","Plutarch"
"1894","bugger all"
"1895","Odyssey"
"1896","bugger all"
"1897","Thucydides"
"1898","bugger all"
"1899","Herodotus"
"1900","bugger all"
"1901","Herodotus"
"1902","bugger all"
"1903","Iliad"
"1904","bugger all"
"1905","Plutarch"
"1906","bugger all"
"1907","Iliad"
"1908","bugger all"
"1909","DiodorusSic"
"1910","bugger all"
"1911","Sophocles"
"1912","bugger all"
"1913","Odyssey"
"1914","bugger all"
"1915","Thucydides"
"1916","bugger all"
"1917","Iliad"
"1918","bugger all"
"1919","Thucydides"
"1920","bugger all"
"1921","Odyssey"
"1922","bugger all"
"1923","Sophocles"
"1924","bugger all"
"1925","DiodorusSic"
"1926","bugger all"
"1927","Herodotus"
"1928","bugger all"
"1929","Iliad"
"1930","bugger all"
"1931","Thucydides"
"1932","bugger all"
"1933","Polybius"
"1934","bugger all"
"1935","Iliad"
"1936","bugger all"
"1937","Sophocles"
"1938","bugger all"
"1939","Aeschylus"
"1940","bugger all"
"1941","Thucydides"
"1942","bugger all"
"1943","Athenaeus"
"1944","bugger all"
"1945","Aeschylus"
"1946","bugger all"
"1947","Odyssey"
"1948","bugger all"
"1949","Odyssey"
"1950","bugger all"
"1951","Aeschylus"
"1952","bugger all"
"1953","Odyssey"
"1954","bugger all"
"1955","Thucydides"
"1956","bugger all"
"1957","Odyssey"
"1958","bugger all"
"1959","Aeschylus"
"1960","bugger all"
"1961","Plutarch"
"1962","bugger all"
"1963","DiodorusSic"
"1964","bugger all"
"1965","Sophocles"
"1966","bugger all"
"1967","Iliad"
"1968","bugger all"
"1969","Athenaeus"
"1970","bugger all"
"1971","Iliad"
"1972","bugger all"
"1973","Athenaeus"
"1974","bugger all"
"1975","Iliad"
"1976","bugger all"
"1977","Iliad"
"1978","bugger all"
"1979","Athenaeus"
"1980","bugger all"
"1981","Thucydides"
"1982","bugger all"
"1983","DiodorusSic"
"1984","bugger all"
"1985","Odyssey"
"1986","bugger all"
"1987","DiodorusSic"
"1988","bugger all"
"1989","Sophocles"
"1990","bugger all"
"1991","Sophocles"
"1992","bugger all"
"1993","Iliad"
"1994","bugger all"
"1995","Odyssey"
"1996","bugger all"
"1997","DiodorusSic"
"1998","bugger all"
"1999","Thucydides"
"2000","bugger all"
"2001","Odyssey"
"2002","bugger all"
"2003","Thucydides"
"2004","bugger all"
"2005","Thucydides"
"2006","bugger all"
"2007","Herodotus"
"2008","bugger all"
"2009","Athenaeus"
"2010","bugger all"
"2011","DiodorusSic"
"2012","bugger all"
"2013","Athenaeus"
"2014","bugger all"
"2015","Hesiod"
"2016","bugger all"
"2017","Aeschylus"
"2018","bugger all"
"2019","Plutarch"
"2020","bugger all"
"2021","Aeschylus"
"2022","bugger all"
"2023","Hesiod"
"2024","bugger all"
"2025","Odyssey"
"2026","bugger all"
"2027","Odyssey"
"2028","bugger all"
"2029","Thucydides"
"2030","bugger all"
"2031","Iliad"
"2032","bugger all"
"2033","Iliad"
"2034","bugger all"
"2035","Thucydides"
"2036","bugger all"
"2037","Iliad"
"2038","bugger all"
"2039","Plutarch"
"2040","bugger all"
"2041","Herodotus"
"2042","bugger all"
"2043","Athenaeus"
"2044","bugger all"
"2045","Sophocles"
"2046","bugger all"
"2047","Athenaeus"
"2048","bugger all"
"2049","Polybius"
"2050","bugger all"
"2051","Herodotus"
"2052","bugger all"
"2053","Athenaeus"
"2054","bugger all"
"2055","Sophocles"
"2056","bugger all"
"2057","Thucydides"
"2058","bugger all"
"2059","Hesiod"
"2060","bugger all"
"2061","DiodorusSic"
"2062","bugger all"
"2063","Herodotus"
"2064","bugger all"
"2065","Sophocles"
"2066","bugger all"
"2067","Odyssey"
"2068","bugger all"
"2069","Athenaeus"
"2070","bugger all"
"2071","Odyssey"
"2072","bugger all"
"2073","Iliad"
"2074","bugger all"
"2075","Athenaeus"
"2076","bugger all"
"2077","Odyssey"
"2078","bugger all"
"2079","Athenaeus"
"2080","bugger all"
"2081","Sophocles"
"2082","bugger all"
"2083","Athenaeus"
"2084","bugger all"
"2085","Hesiod"
"2086","bugger all"
"2087","Thucydides"
"2088","bugger all"
"2089","DiodorusSic"
"2090","bugger all"
"2091","Polybius"
"2092","bugger all"
"2093","Thucydides"
"2094","bugger all"
"2095","Polybius"
"2096","bugger all"
"2097","Odyssey"
"2098","bugger all"
"2099","Herodotus"
"2100","bugger all"
"2101","Athenaeus"
"2102","bugger all"
"2103","Thucydides"
"2104","bugger all"
"2105","DiodorusSic"
"2106","bugger all"
"2107","Herodotus"
"2108","bugger all"
"2109","Iliad"
"2110","bugger all"
"2111","Plutarch"
"2112","bugger all"
"2113","Aeschylus"
"2114","bugger all"
"2115","Athenaeus"
"2116","bugger all"
"2117","Athenaeus"
"2118","bugger all"
"2119","DiodorusSic"
"2120","bugger all"
"2121","Plutarch"
"2122","bugger all"
"2123","Iliad"
"2124","bugger all"
"2125","Sophocles"
"2126","bugger all"
"2127","Sophocles"
"2128","bugger all"
"2129","Thucydides"
"2130","bugger all"
"2131","DiodorusSic"
"2132","bugger all"
"2133","DiodorusSic"
"2134","bugger all"
"2135","Iliad"
"2136","bugger all"
"2137","Odyssey"
"2138","bugger all"
"2139","Herodotus"
"2140","bugger all"
"2141","Aeschylus"
"2142","bugger all"
"2143","DiodorusSic"
"2144","bugger all"
"2145","Herodotus"
"2146","bugger all"
"2147","Iliad"
"2148","bugger all"
"2149","Athenaeus"
"2150","bugger all"
"2151","DiodorusSic"
"2152","bugger all"
"2153","Odyssey"
"2154","bugger all"
"2155","Athenaeus"
"2156","bugger all"
"2157","Odyssey"
"2158","bugger all"
"2159","Polybius"
"2160","bugger all"
"2161","Odyssey"
"2162","bugger all"
"2163","Iliad"
"2164","bugger all"
"2165","Athenaeus"
"2166","bugger all"
"2167","Herodotus"
"2168","bugger all"
"2169","Iliad"
"2170","bugger all"
"2171","Plutarch"
"2172","bugger all"
"2173","Sophocles"
"2174","bugger all"
"2175","Hesiod"
"2176","bugger all"
"2177","Odyssey"
"2178","bugger all"
"2179","Thucydides"
"2180","bugger all"
"2181","Herodotus"
"2182","bugger all"
"2183","Thucydides"
"2184","bugger all"
"2185","Polybius"
"2186","bugger all"
"2187","Herodotus"
"2188","bugger all"
"2189","Athenaeus"
"2190","bugger all"
"2191","DiodorusSic"
"2192","bugger all"
"2193","DiodorusSic"
"2194","bugger all"
"2195","Iliad"
"2196","bugger all"
"2197","Plutarch"
"2198","bugger all"
"2199","Herodotus"
"2200","bugger all"
"2201","Iliad"
"2202","bugger all"
"2203","Sophocles"
"2204","bugger all"
"2205","Polybius"
"2206","bugger all"
"2207","Athenaeus"
"2208","bugger all"
"2209","Athenaeus"
"2210","bugger all"
"2211","Odyssey"
"2212","bugger all"
"2213","DiodorusSic"
"2214","bugger all"
"2215","Athenaeus"
"2216","bugger all"
"2217","Herodotus"
"2218","bugger all"
"2219","Herodotus"
"2220","bugger all"
"2221","Sophocles"
"2222","bugger all"
"2223","DiodorusSic"
"2224","bugger all"
"2225","Aeschylus"
"2226","bugger all"
"2227","Odyssey"
"2228","bugger all"
"2229","DiodorusSic"
"2230","bugger all"
"2231","DiodorusSic"
"2232","bugger all"
"2233","Thucydides"
"2234","bugger all"
"2235","Polybius"
"2236","bugger all"
"2237","Odyssey"
"2238","bugger all"
"2239","Iliad"
"2240","bugger all"
"2241","Herodotus"
"2242","bugger all"
"2243","Iliad"
"2244","bugger all"
"2245","Athenaeus"
"2246","bugger all"
"2247","Athenaeus"
"2248","bugger all"
"2249","DiodorusSic"
"2250","bugger all"
"2251","Polybius"
"2252","bugger all"
"2253","Plutarch"
"2254","bugger all"
"2255","Athenaeus"
"2256","bugger all"
"2257","Odyssey"
"2258","bugger all"
"2259","DiodorusSic"
"2260","bugger all"
"2261","DiodorusSic"
"2262","bugger all"
"2263","Hesiod"
"2264","bugger all"
"2265","Athenaeus"
"2266","bugger all"
"2267","Thucydides"
"2268","bugger all"
"2269","Odyssey"
"2270","bugger all"
"2271","Odyssey"
"2272","bugger all"
"2273","Athenaeus"
"2274","bugger all"
"2275","Sophocles"
"2276","bugger all"
"2277","Plutarch"
"2278","bugger all"
"2279","Herodotus"
"2280","bugger all"
"2281","Herodotus"
"2282","bugger all"
"2283","Sophocles"
"2284","bugger all"
"2285","Sophocles"
"2286","bugger all"
"2287","Iliad"
"2288","bugger all"
"2289","Athenaeus"
"2290","bugger all"
"2291","Herodotus"
"2292","bugger all"
"2293","Aeschylus"
"2294","bugger all"
"2295","Herodotus"
"2296","bugger all"
"2297","Aeschylus"
"2298","bugger all"
"2299","DiodorusSic"
"2300","bugger all"
"2301","Iliad"
"2302","bugger all"
"2303","Odyssey"
"2304","bugger all"
"2305","Aeschylus"
"2306","bugger all"
"2307","Herodotus"
"2308","bugger all"
"2309","Odyssey"
"2310","bugger all"
"2311","Athenaeus"
"2312","bugger all"
"2313","DiodorusSic"
"2314","bugger all"
"2315","Thucydides"
"2316","bugger all"
"2317","Odyssey"
"2318","bugger all"
"2319","Herodotus"
"2320","bugger all"
"2321","DiodorusSic"
"2322","bugger all"
"2323","Odyssey"
"2324","bugger all"
"2325","Aeschylus"
"2326","bugger all"
"2327","Hesiod"
"2328","bugger all"
"2329","Odyssey"
"2330","bugger all"
"2331","Athenaeus"
"2332","bugger all"
"2333","Athenaeus"
"2334","bugger all"
"2335","Aeschylus"
"2336","bugger all"
"2337","Athenaeus"
"2338","bugger all"
"2339","Sophocles"
"2340","bugger all"
"2341","Herodotus"
"2342","bugger all"
"2343","Thucydides"
"2344","bugger all"
"2345","DiodorusSic"
"2346","bugger all"
"2347","Sophocles"
"2348","bugger all"
"2349","Odyssey"
"2350","bugger all"
"2351","Sophocles"
"2352","bugger all"
"2353","Polybius"
"2354","bugger all"
"2355","Herodotus"
"2356","bugger all"
"2357","Herodotus"
"2358","bugger all"
"2359","DiodorusSic"
"2360","bugger all"
"2361","Hesiod"
"2362","bugger all"
"2363","Odyssey"
"2364","bugger all"
"2365","Aeschylus"
"2366","bugger all"
"2367","Polybius"
"2368","bugger all"
"2369","Athenaeus"
"2370","bugger all"
"2371","Odyssey"
"2372","bugger all"
"2373","Athenaeus"
"2374","bugger all"
"2375","Polybius"
"2376","bugger all"
"2377","Aeschylus"
"2378","bugger all"
"2379","Herodotus"
"2380","bugger all"
"2381","Odyssey"
"2382","bugger all"
"2383","Thucydides"
"2384","bugger all"
"2385","Odyssey"
"2386","bugger all"
"2387","Plutarch"
"2388","bugger all"
"2389","Sophocles"
"2390","bugger all"
"2391","DiodorusSic"
"2392","bugger all"
"2393","Iliad"
"2394","bugger all"
"2395","Herodotus"
"2396","bugger all"
"2397","Thucydides"
"2398","bugger all"
"2399","Odyssey"
"2400","bugger all"
"2401","Herodotus"
"2402","bugger all"
"2403","Sophocles"
"2404","bugger all"
"2405","Odyssey"
"2406","bugger all"
"2407","Sophocles"
"2408","bugger all"
"2409","Polybius"
"2410","bugger all"
"2411","Thucydides"
"2412","bugger all"
"2413","DiodorusSic"
"2414","bugger all"
"2415","Herodotus"
"2416","bugger all"
"2417","Herodotus"
"2418","bugger all"
"2419","Iliad"
"2420","bugger all"
"2421","Sophocles"
"2422","bugger all"
"2423","Aeschylus"
"2424","bugger all"
"2425","Sophocles"
"2426","bugger all"
"2427","Iliad"
"2428","bugger all"
"2429","Aeschylus"
"2430","bugger all"
"2431","Athenaeus"
"2432","bugger all"
"2433","Odyssey"
"2434","bugger all"
"2435","Herodotus"
"2436","bugger all"
"2437","Polybius"
"2438","bugger all"
"2439","Thucydides"
"2440","bugger all"
"2441","Aeschylus"
"2442","bugger all"
"2443","Iliad"
"2444","bugger all"
"2445","Iliad"
"2446","bugger all"
"2447","Thucydides"
"2448","bugger all"
"2449","Odyssey"
"2450","bugger all"
"2451","Herodotus"
"2452","bugger all"
"2453","DiodorusSic"
"2454","bugger all"
"2455","Iliad"
"2456","bugger all"
"2457","Plutarch"
"2458","bugger all"
"2459","Sophocles"
"2460","bugger all"
"2461","Odyssey"
"2462","bugger all"
"2463","Athenaeus"
"2464","bugger all"
"2465","Herodotus"
"2466","bugger all"
"2467","Thucydides"
"2468","bugger all"
"2469","Plutarch"
"2470","bugger all"
"2471","Odyssey"
"2472","bugger all"
"2473","Iliad"
"2474","bugger all"
"2475","Odyssey"
"2476","bugger all"
"2477","Sophocles"
"2478","bugger all"
"2479","Polybius"
"2480","bugger all"
"2481","Iliad"
"2482","bugger all"
"2483","Sophocles"
"2484","bugger all"
"2485","Sophocles"
"2486","bugger all"
"2487","Odyssey"
"2488","bugger all"
"2489","Athenaeus"
"2490","bugger all"
"2491","Athenaeus"
"2492","bugger all"
"2493","Iliad"
"2494","bugger all"
"2495","Odyssey"
"2496","bugger all"
"2497","Herodotus"
"2498","bugger all"
"2499","Iliad"
"2500","bugger all"
"2501","Odyssey"
"2502","bugger all"
"2503","Odyssey"
"2504","bugger all"
"2505","DiodorusSic"
"2506","bugger all"
"2507","Hesiod"
"2508","bugger all"
"2509","Plutarch"
"2510","bugger all"
"2511","Thucydides"
"2512","bugger all"
"2513","Thucydides"
"2514","bugger all"
"2515","Iliad"
"2516","bugger all"
"2517","Iliad"
"2518","bugger all"
"2519","Sophocles"
"2520","bugger all"
"2521","Odyssey"
"2522","bugger all"
"2523","Sophocles"
"2524","bugger all"
"2525","Odyssey"
"2526","bugger all"
"2527","Aeschylus"
"2528","bugger all"
"2529","Iliad"
"2530","bugger all"
"2531","Odyssey"
"2532","bugger all"
"2533","Polybius"
"2534","bugger all"
"2535","Odyssey"
"2536","bugger all"
"2537","Herodotus"
"2538","bugger all"
"2539","Iliad"
"2540","bugger all"
"2541","Thucydides"
"2542","bugger all"
"2543","Sophocles"
"2544","bugger all"
"2545","Odyssey"
"2546","bugger all"
"2547","Athenaeus"
"2548","bugger all"
"2549","Herodotus"
"2550","bugger all"
"2551","Aeschylus"
"2552","bugger all"
"2553","Thucydides"
"2554","bugger all"
"2555","Odyssey"
"2556","bugger all"
"2557","Iliad"
"2558","bugger all"
"2559","Aeschylus"
"2560","bugger all"
"2561","Odyssey"
"2562","bugger all"
"2563","Athenaeus"
"2564","bugger all"
"2565","Iliad"
"2566","bugger all"
"2567","Iliad"
"2568","bugger all"
"2569","Sophocles"
"2570","bugger all"
"2571","Thucydides"
"2572","bugger all"
"2573","Iliad"
"2574","bugger all"
"2575","Thucydides"
"2576","bugger all"
"2577","Polybius"
"2578","bugger all"
"2579","Polybius"
"2580","bugger all"
"2581","Iliad"
"2582","bugger all"
"2583","Thucydides"
"2584","bugger all"
"2585","Herodotus"
"2586","bugger all"
"2587","Sophocles"
"2588","bugger all"
"2589","Aeschylus"
"2590","bugger all"
"2591","Odyssey"
"2592","bugger all"
"2593","Athenaeus"
"2594","bugger all"
"2595","DiodorusSic"
"2596","bugger all"
"2597","Sophocles"
"2598","bugger all"
"2599","Polybius"
"2600","bugger all"
"2601","Iliad"
"2602","bugger all"
"2603","Odyssey"
"2604","bugger all"
"2605","Sophocles"
"2606","bugger all"
"2607","Sophocles"
"2608","bugger all"
"2609","Thucydides"
"2610","bugger all"
"2611","Odyssey"
"2612","bugger all"
"2613","Thucydides"
"2614","bugger all"
"2615","Plutarch"
"2616","bugger all"
"2617","Athenaeus"
"2618","bugger all"
"2619","DiodorusSic"
"2620","bugger all"
"2621","Sophocles"
"2622","bugger all"
"2623","Iliad"
"2624","bugger all"
"2625","Odyssey"
"2626","bugger all"
"2627","Athenaeus"
"2628","bugger all"
"2629","Herodotus"
"2630","bugger all"
"2631","Sophocles"
"2632","bugger all"
"2633","Sophocles"
"2634","bugger all"
"2635","Herodotus"
"2636","bugger all"
"2637","DiodorusSic"
"2638","bugger all"
"2639","Odyssey"
"2640","bugger all"
"2641","Sophocles"
"2642","bugger all"
"2643","Odyssey"
"2644","bugger all"
"2645","Polybius"
"2646","bugger all"
"2647","Sophocles"
"2648","bugger all"
"2649","Iliad"
"2650","bugger all"
"2651","Odyssey"
"2652","bugger all"
"2653","Herodotus"
"2654","bugger all"
"2655","Polybius"
"2656","bugger all"
"2657","Athenaeus"
"2658","bugger all"
"2659","Iliad"
"2660","bugger all"
"2661","Thucydides"
"2662","bugger all"
"2663","Iliad"
"2664","bugger all"
"2665","Odyssey"
"2666","bugger all"
"2667","Polybius"
"2668","bugger all"
"2669","Iliad"
"2670","bugger all"
"2671","Plutarch"
"2672","bugger all"
"2673","Sophocles"
"2674","bugger all"
"2675","Plutarch"
"2676","bugger all"
"2677","Aeschylus"
"2678","bugger all"
"2679","Herodotus"
"2680","bugger all"
"2681","Polybius"
"2682","bugger all"
"2683","Thucydides"
"2684","bugger all"
"2685","Iliad"
"2686","bugger all"
"2687","Plutarch"
"2688","bugger all"
"2689","Plutarch"
"2690","bugger all"
"2691","DiodorusSic"
"2692","bugger all"
"2693","Athenaeus"
"2694","bugger all"
"2695","DiodorusSic"
"2696","bugger all"
"2697","Aeschylus"
"2698","bugger all"
"2699","Iliad"
"2700","bugger all"
"2701","Polybius"
"2702","bugger all"
"2703","Plutarch"
"2704","bugger all"
"2705","Polybius"
"2706","bugger all"
"2707","Sophocles"
"2708","bugger all"
"2709","Odyssey"
"2710","bugger all"
"2711","Aeschylus"
"2712","bugger all"
"2713","Herodotus"
"2714","bugger all"
"2715","Athenaeus"
"2716","bugger all"
"2717","Sophocles"
"2718","bugger all"
"2719","Herodotus"
"2720","bugger all"
"2721","Odyssey"
"2722","bugger all"
"2723","Iliad"
"2724","bugger all"
"2725","Polybius"
"2726","bugger all"
"2727","Iliad"
"2728","bugger all"
"2729","Sophocles"
"2730","bugger all"
"2731","Iliad"
"2732","bugger all"
"2733","Polybius"
"2734","bugger all"
"2735","Iliad"
"2736","bugger all"
"2737","DiodorusSic"
"2738","bugger all"
"2739","Plutarch"
"2740","bugger all"
"2741","Herodotus"
"2742","bugger all"
"2743","Aeschylus"
"2744","bugger all"
"2745","DiodorusSic"
"2746","bugger all"
"2747","Aeschylus"
"2748","bugger all"
"2749","Iliad"
"2750","bugger all"
"2751","Athenaeus"
"2752","bugger all"
"2753","Plutarch"
"2754","bugger all"
"2755","Iliad"
"2756","bugger all"
"2757","Sophocles"
"2758","bugger all"
"2759","Aeschylus"
"2760","bugger all"
"2761","Athenaeus"
"2762","bugger all"
"2763","Aeschylus"
"2764","bugger all"
"2765","Sophocles"
"2766","bugger all"
"2767","Herodotus"
"2768","bugger all"
"2769","Aeschylus"
"2770","bugger all"
"2771","Sophocles"
"2772","bugger all"
"2773","Hesiod"
"2774","bugger all"
"2775","Athenaeus"
"2776","bugger all"
"2777","DiodorusSic"
"2778","bugger all"
"2779","DiodorusSic"
"2780","bugger all"
"2781","Thucydides"
"2782","bugger all"
"2783","Athenaeus"
"2784","bugger all"
"2785","Herodotus"
"2786","bugger all"
"2787","Polybius"
"2788","bugger all"
"2789","Odyssey"
"2790","bugger all"
"2791","Aeschylus"
"2792","bugger all"
"2793","Hesiod"
"2794","bugger all"
"2795","Polybius"
"2796","bugger all"
"2797","Athenaeus"
"2798","bugger all"
"2799","Hesiod"
"2800","bugger all"
"2801","Sophocles"
"2802","bugger all"
"2803","Athenaeus"
"2804","bugger all"
"2805","Athenaeus"
"2806","bugger all"
"2807","Iliad"
"2808","bugger all"
"2809","DiodorusSic"
"2810","bugger all"
"2811","Thucydides"
"2812","bugger all"
"2813","Polybius"
"2814","bugger all"
"2815","Herodotus"
"2816","bugger all"
"2817","Iliad"
"2818","bugger all"
"2819","Iliad"
"2820","bugger all"
"2821","Plutarch"
"2822","bugger all"
"2823","DiodorusSic"
"2824","bugger all"
"2825","DiodorusSic"
"2826","bugger all"
"2827","Aeschylus"
"2828","bugger all"
"2829","Sophocles"
"2830","bugger all"
"2831","Odyssey"
"2832","bugger all"
"2833","Odyssey"
"2834","bugger all"
"2835","Sophocles"
"2836","bugger all"
"2837","Herodotus"
"2838","bugger all"
"2839","Iliad"
"2840","bugger all"
"2841","Sophocles"
"2842","bugger all"
"2843","Polybius"
"2844","bugger all"
"2845","Thucydides"
"2846","bugger all"
"2847","Iliad"
"2848","bugger all"
"2849","Iliad"
"2850","bugger all"
"2851","DiodorusSic"
"2852","bugger all"
"2853","Odyssey"
"2854","bugger all"
"2855","Iliad"
"2856","bugger all"
"2857","Athenaeus"
"2858","bugger all"
"2859","Athenaeus"
"2860","bugger all"
"2861","DiodorusSic"
"2862","bugger all"
"2863","Herodotus"
"2864","bugger all"
"2865","DiodorusSic"
"2866","bugger all"
"2867","Herodotus"
"2868","bugger all"
"2869","DiodorusSic"
"2870","bugger all"
"2871","Plutarch"
"2872","bugger all"
"2873","Odyssey"
"2874","bugger all"
"2875","Iliad"
"2876","bugger all"
"2877","Polybius"
"2878","bugger all"
"2879","DiodorusSic"
"2880","bugger all"
"2881","Iliad"
"2882","bugger all"
"2883","Iliad"
"2884","bugger all"
"2885","Iliad"
"2886","bugger all"
"2887","Aeschylus"
"2888","bugger all"
"2889","Iliad"
"2890","bugger all"
"2891","Sophocles"
"2892","bugger all"
"2893","Sophocles"
"2894","bugger all"
"2895","Odyssey"
"2896","bugger all"
"2897","Herodotus"
"2898","bugger all"
"2899","Thucydides"
"2900","bugger all"
"2901","Thucydides"
"2902","bugger all"
"2903","DiodorusSic"
"2904","bugger all"
"2905","Odyssey"
"2906","bugger all"
"2907","Polybius"
"2908","bugger all"
"2909","Plutarch"
"2910","bugger all"
"2911","Odyssey"
"2912","bugger all"
"2913","DiodorusSic"
"2914","bugger all"
"2915","DiodorusSic"
"2916","bugger all"
"2917","Polybius"
"2918","bugger all"
"2919","Athenaeus"
"2920","bugger all"
"2921","Aeschylus"
"2922","bugger all"
"2923","Odyssey"
"2924","bugger all"
"2925","Sophocles"
"2926","bugger all"
"2927","Odyssey"
"2928","bugger all"
"2929","Athenaeus"
"2930","bugger all"
"2931","Odyssey"
"2932","bugger all"
"2933","Thucydides"
"2934","bugger all"
"2935","Plutarch"
"2936","bugger all"
"2937","Aeschylus"
"2938","bugger all"
"2939","Athenaeus"
"2940","bugger all"
"2941","Odyssey"
"2942","bugger all"
"2943","Thucydides"
"2944","bugger all"
"2945","Herodotus"
"2946","bugger all"
"2947","Odyssey"
"2948","bugger all"
"2949","Plutarch"
"2950","bugger all"
"2951","Plutarch"
"2952","bugger all"
"2953","Herodotus"
"2954","bugger all"
"2955","Polybius"
"2956","bugger all"
"2957","Iliad"
"2958","bugger all"
"2959","Polybius"
"2960","bugger all"
"2961","Iliad"
"2962","bugger all"
"2963","Polybius"
"2964","bugger all"
"2965","Hesiod"
"2966","bugger all"
"2967","Iliad"
"2968","bugger all"
"2969","Odyssey"
"2970","bugger all"
"2971","Aeschylus"
"2972","bugger all"
"2973","Iliad"
"2974","bugger all"
"2975","Thucydides"
"2976","bugger all"
"2977","Iliad"
"2978","bugger all"
"2979","Herodotus"
"2980","bugger all"
"2981","Polybius"
"2982","bugger all"
"2983","Herodotus"
"2984","bugger all"
"2985","Iliad"
"2986","bugger all"
"2987","Polybius"
"2988","bugger all"
"2989","Athenaeus"
"2990","bugger all"
"2991","Sophocles"
"2992","bugger all"
"2993","Athenaeus"
"2994","bugger all"
"2995","Iliad"
"2996","bugger all"
"2997","Herodotus"
"2998","bugger all"
"2999","Thucydides"
"3000","bugger all"
"3001","Athenaeus"
"3002","bugger all"
"3003","Herodotus"
"3004","bugger all"
"3005","DiodorusSic"
"3006","bugger all"
"3007","Hesiod"
"3008","bugger all"
"3009","Thucydides"
"3010","bugger all"
"3011","Aeschylus"
"3012","bugger all"
"3013","Sophocles"
"3014","bugger all"
"3015","Herodotus"
"3016","bugger all"
"3017","Iliad"
"3018","bugger all"
"3019","Odyssey"
"3020","bugger all"
"3021","Sophocles"
"3022","bugger all"
"3023","Iliad"
"3024","bugger all"
"3025","Herodotus"
"3026","bugger all"
"3027","Athenaeus"
"3028","bugger all"
"3029","Sophocles"
"3030","bugger all"
"3031","Athenaeus"
"3032","bugger all"
"3033","Iliad"
"3034","bugger all"
"3035","Athenaeus"
"3036","bugger all"
"3037","Sophocles"
"3038","bugger all"
"3039","Iliad"
"3040","bugger all"
"3041","Polybius"
"3042","bugger all"
"3043","Aeschylus"
"3044","bugger all"
"3045","Odyssey"
"3046","bugger all"
"3047","Plutarch"
"3048","bugger all"
"3049","Polybius"
"3050","bugger all"
"3051","Plutarch"
"3052","bugger all"
"3053","Thucydides"
"3054","bugger all"
"3055","Polybius"
"3056","bugger all"
"3057","Iliad"
"3058","bugger all"
"3059","Herodotus"
"3060","bugger all"
"3061","Aeschylus"
"3062","bugger all"
"3063","Aeschylus"
"3064","bugger all"
"3065","Odyssey"
"3066","bugger all"
"3067","Aeschylus"
"3068","bugger all"
"3069","Iliad"
"3070","bugger all"
"3071","Athenaeus"
"3072","bugger all"
"3073","Odyssey"
"3074","bugger all"
"3075","Thucydides"
"3076","bugger all"
"3077","Iliad"
"3078","bugger all"
"3079","Sophocles"
"3080","bugger all"
"3081","Hesiod"
"3082","bugger all"
"3083","Herodotus"
"3084","bugger all"
"3085","Iliad"
"3086","bugger all"
"3087","Aeschylus"
"3088","bugger all"
"3089","Hesiod"
"3090","bugger all"
"3091","Sophocles"
"3092","bugger all"
"3093","Iliad"
"3094","bugger all"
"3095","DiodorusSic"
"3096","bugger all"
"3097","Plutarch"
"3098","bugger all"
"3099","Sophocles"
"3100","bugger all"
"3101","Hesiod"
"3102","bugger all"
"3103","Odyssey"
"3104","bugger all"
"3105","Aeschylus"
"3106","bugger all"
"3107","Iliad"
"3108","bugger all"
"3109","DiodorusSic"
"3110","bugger all"
"3111","Odyssey"
"3112","bugger all"
"3113","Athenaeus"
"3114","bugger all"
"3115","Iliad"
"3116","bugger all"
"3117","Herodotus"
"3118","bugger all"
"3119","Iliad"
"3120","bugger all"
"3121","Odyssey"
"3122","bugger all"
"3123","DiodorusSic"
"3124","bugger all"
"3125","Iliad"
"3126","bugger all"
"3127","Odyssey"
"3128","bugger all"
"3129","Odyssey"
"3130","bugger all"
"3131","Iliad"
"3132","bugger all"
"3133","DiodorusSic"
"3134","bugger all"
"3135","Herodotus"
"3136","bugger all"
"3137","Hesiod"
"3138","bugger all"
"3139","Sophocles"
"3140","bugger all"
"3141","Herodotus"
"3142","bugger all"
"3143","Thucydides"
"3144","bugger all"
"3145","Herodotus"
"3146","bugger all"
"3147","Iliad"
"3148","bugger all"
"3149","Odyssey"
"3150","bugger all"
"3151","Athenaeus"
"3152","bugger all"
"3153","Polybius"
"3154","bugger all"
"3155","Iliad"
"3156","bugger all"
"3157","DiodorusSic"
"3158","bugger all"
"3159","Thucydides"
"3160","bugger all"
"3161","Athenaeus"
"3162","bugger all"
"3163","Odyssey"
"3164","bugger all"
"3165","DiodorusSic"
"3166","bugger all"
"3167","Aeschylus"
"3168","bugger all"
"3169","Athenaeus"
"3170","bugger all"
"3171","Iliad"
"3172","bugger all"
"3173","Sophocles"
"3174","bugger all"
"3175","Thucydides"
"3176","bugger all"
"3177","Athenaeus"
"3178","bugger all"
"3179","Polybius"
"3180","bugger all"
"3181","Herodotus"
"3182","bugger all"
"3183","Aeschylus"
"3184","bugger all"
"3185","Athenaeus"
"3186","bugger all"
"3187","Hesiod"
"3188","bugger all"
"3189","Aeschylus"
"3190","bugger all"
"3191","Herodotus"
"3192","bugger all"
"3193","Polybius"
"3194","bugger all"
"3195","Athenaeus"
"3196","bugger all"
"3197","Odyssey"
"3198","bugger all"
"3199","Polybius"
"3200","bugger all"
"3201","Iliad"
"3202","bugger all"
"3203","Thucydides"
"3204","bugger all"
"3205","Iliad"
"3206","bugger all"
"3207","Plutarch"
"3208","bugger all"
"3209","DiodorusSic"
"3210","bugger all"
"3211","Odyssey"
"3212","bugger all"
"3213","Sophocles"
"3214","bugger all"
"3215","Herodotus"
"3216","bugger all"
"3217","Herodotus"
"3218","bugger all"
"3219","Thucydides"
"3220","bugger all"
"3221","Athenaeus"
"3222","bugger all"
"3223","Thucydides"
"3224","bugger all"
"3225","Plutarch"
"3226","bugger all"
"3227","DiodorusSic"
"3228","bugger all"
"3229","Odyssey"
"3230","bugger all"
"3231","Plutarch"
"3232","bugger all"
"3233","Iliad"
"3234","bugger all"
"3235","DiodorusSic"
"3236","bugger all"
"3237","DiodorusSic"
"3238","bugger all"
"3239","Polybius"
"3240","bugger all"
"3241","Aeschylus"
"3242","bugger all"
"3243","Aeschylus"
"3244","bugger all"
"3245","Sophocles"
"3246","bugger all"
"3247","Odyssey"
"3248","bugger all"
"3249","Aeschylus"
"3250","bugger all"
"3251","Iliad"
"3252","bugger all"
"3253","Polybius"
"3254","bugger all"
"3255","Iliad"
"3256","bugger all"
"3257","Odyssey"
"3258","bugger all"
"3259","Iliad"
"3260","bugger all"
"3261","Odyssey"
"3262","bugger all"
"3263","DiodorusSic"
"3264","bugger all"
"3265","Iliad"
"3266","bugger all"
"3267","Aeschylus"
"3268","bugger all"
"3269","Polybius"
"3270","bugger all"
"3271","Thucydides"
"3272","bugger all"
"3273","Iliad"
"3274","bugger all"
"3275","Athenaeus"
"3276","bugger all"
"3277","DiodorusSic"
"3278","bugger all"
"3279","Odyssey"
"3280","bugger all"
"3281","Athenaeus"
"3282","bugger all"
"3283","Herodotus"
"3284","bugger all"
"3285","Athenaeus"
"3286","bugger all"
"3287","Iliad"
"3288","bugger all"
"3289","Athenaeus"
"3290","bugger all"
"3291","Plutarch"
"3292","bugger all"
"3293","Odyssey"
"3294","bugger all"
"3295","Athenaeus"
"3296","bugger all"
"3297","Iliad"
"3298","bugger all"
"3299","Plutarch"
"3300","bugger all"
"3301","Herodotus"
"3302","bugger all"
"3303","Polybius"
"3304","bugger all"
"3305","Odyssey"
"3306","bugger all"
"3307","Thucydides"
"3308","bugger all"
"3309","Iliad"
"3310","bugger all"
"3311","Athenaeus"
"3312","bugger all"
"3313","Herodotus"
"3314","bugger all"
"3315","Iliad"
"3316","bugger all"
"3317","Herodotus"
"3318","bugger all"
"3319","Athenaeus"
"3320","bugger all"
"3321","Thucydides"
"3322","bugger all"
"3323","Odyssey"
"3324","bugger all"
"3325","Hesiod"
"3326","bugger all"
"3327","Aeschylus"
"3328","bugger all"
"3329","Iliad"
"3330","bugger all"
"3331","Athenaeus"
"3332","bugger all"
"3333","Athenaeus"
"3334","bugger all"
"3335","Odyssey"
"3336","bugger all"
"3337","Iliad"
"3338","bugger all"
"3339","Sophocles"
"3340","bugger all"
"3341","Odyssey"
"3342","bugger all"
"3343","Athenaeus"
"3344","bugger all"
"3345","Odyssey"
"3346","bugger all"
"3347","DiodorusSic"
"3348","bugger all"
"3349","Hesiod"
"3350","bugger all"
"3351","Herodotus"
"3352","bugger all"
"3353","Aeschylus"
"3354","bugger all"
"3355","Aeschylus"
"3356","bugger all"
"3357","Odyssey"
"3358","bugger all"
"3359","Iliad"
"3360","bugger all"
"3361","Athenaeus"
"3362","bugger all"
"3363","DiodorusSic"
"3364","bugger all"
"3365","Herodotus"
"3366","bugger all"
"3367","Herodotus"
"3368","bugger all"
"3369","Aeschylus"
"3370","bugger all"
"3371","Iliad"
"3372","bugger all"
"3373","Odyssey"
"3374","bugger all"
"3375","Thucydides"
"3376","bugger all"
"3377","DiodorusSic"
"3378","bugger all"
"3379","Polybius"
"3380","bugger all"
"3381","Plutarch"
"3382","bugger all"
"3383","Aeschylus"
"3384","bugger all"
"3385","Sophocles"
"3386","bugger all"
"3387","Athenaeus"
"3388","bugger all"
"3389","Athenaeus"
"3390","bugger all"
"3391","DiodorusSic"
"3392","bugger all"
"3393","Iliad"
"3394","bugger all"
"3395","Athenaeus"
"3396","bugger all"
"3397","Athenaeus"
"3398","bugger all"
"3399","Iliad"
"3400","bugger all"
"3401","Athenaeus"
"3402","bugger all"
"3403","Herodotus"
"3404","bugger all"
"3405","Thucydides"
"3406","bugger all"
"3407","Aeschylus"
"3408","bugger all"
"3409","Iliad"
"3410","bugger all"
"3411","Iliad"
"3412","bugger all"
"3413","Iliad"
"3414","bugger all"
"3415","Aeschylus"
"3416","bugger all"
"3417","Thucydides"
"3418","bugger all"
"3419","Plutarch"
"3420","bugger all"
"3421","Polybius"
"3422","bugger all"
"3423","Polybius"
"3424","bugger all"
"3425","Aeschylus"
"3426","bugger all"
"3427","Polybius"
"3428","bugger all"
"3429","Thucydides"
"3430","bugger all"
"3431","Odyssey"
"3432","bugger all"
"3433","Athenaeus"
"3434","bugger all"
"3435","Athenaeus"
"3436","bugger all"
"3437","DiodorusSic"
"3438","bugger all"
"3439","Odyssey"
"3440","bugger all"
"3441","Sophocles"
"3442","bugger all"
"3443","Thucydides"
"3444","bugger all"
"3445","DiodorusSic"
"3446","bugger all"
"3447","DiodorusSic"
"3448","bugger all"
"3449","Athenaeus"
"3450","bugger all"
"3451","DiodorusSic"
"3452","bugger all"
"3453","Polybius"
"3454","bugger all"
"3455","DiodorusSic"
"3456","bugger all"
"3457","Polybius"
"3458","bugger all"
"3459","Odyssey"
"3460","bugger all"
"3461","DiodorusSic"
"3462","bugger all"
"3463","Odyssey"
"3464","bugger all"
"3465","Aeschylus"
"3466","bugger all"
"3467","Thucydides"
"3468","bugger all"
"3469","DiodorusSic"
"3470","bugger all"
"3471","Aeschylus"
"3472","bugger all"
"3473","Herodotus"
"3474","bugger all"
"3475","Polybius"
"3476","bugger all"
"3477","Plutarch"
"3478","bugger all"
"3479","Sophocles"
"3480","bugger all"
"3481","Aeschylus"
"3482","bugger all"
"3483","Aeschylus"
"3484","bugger all"
"3485","Aeschylus"
"3486","bugger all"
"3487","Athenaeus"
"3488","bugger all"
"3489","Iliad"
"3490","bugger all"
"3491","Thucydides"
"3492","bugger all"
"3493","Sophocles"
"3494","bugger all"
"3495","Hesiod"
"3496","bugger all"
"3497","Sophocles"
"3498","bugger all"
"3499","Odyssey"
"3500","bugger all"
"3501","Sophocles"
"3502","bugger all"
"3503","Herodotus"
"3504","bugger all"
"3505","Herodotus"
"3506","bugger all"
"3507","Athenaeus"
"3508","bugger all"
"3509","DiodorusSic"
"3510","bugger all"
"3511","Athenaeus"
"3512","bugger all"
"3513","Thucydides"
"3514","bugger all"
"3515","Athenaeus"
"3516","bugger all"
"3517","Iliad"
"3518","bugger all"
"3519","Odyssey"
"3520","bugger all"
"3521","Athenaeus"
"3522","bugger all"
"3523","Polybius"
"3524","bugger all"
"3525","Odyssey"
"3526","bugger all"
"3527","Iliad"
"3528","bugger all"
"3529","Athenaeus"
"3530","bugger all"
"3531","Aeschylus"
"3532","bugger all"
"3533","Polybius"
"3534","bugger all"
"3535","Iliad"
"3536","bugger all"
"3537","Odyssey"
"3538","bugger all"
"3539","DiodorusSic"
"3540","bugger all"
"3541","Thucydides"
"3542","bugger all"
"3543","Polybius"
"3544","bugger all"
"3545","Iliad"
"3546","bugger all"
"3547","Thucydides"
"3548","bugger all"
"3549","Thucydides"
"3550","bugger all"
"3551","Thucydides"
"3552","bugger all"
"3553","Sophocles"
"3554","bugger all"
"3555","DiodorusSic"
"3556","bugger all"
"3557","Plutarch"
"3558","bugger all"
"3559","Iliad"
"3560","bugger all"
"3561","Herodotus"
"3562","bugger all"
"3563","Thucydides"
"3564","bugger all"
"3565","Plutarch"
"3566","bugger all"
"3567","Iliad"
"3568","bugger all"
"3569","DiodorusSic"
"3570","bugger all"
"3571","Aeschylus"
"3572","bugger all"
"3573","Sophocles"
"3574","bugger all"
"3575","Athenaeus"
"3576","bugger all"
"3577","Herodotus"
"3578","bugger all"
"3579","Odyssey"
"3580","bugger all"
"3581","Odyssey"
"3582","bugger all"
"3583","Odyssey"
"3584","bugger all"
"3585","Athenaeus"
"3586","bugger all"
"3587","Sophocles"
"3588","bugger all"
"3589","Herodotus"
"3590","bugger all"
"3591","Iliad"
"3592","bugger all"
"3593","Aeschylus"
"3594","bugger all"
"3595","Sophocles"
"3596","bugger all"
"3597","Herodotus"
"3598","bugger all"
"3599","Hesiod"
"3600","bugger all"
"3601","Polybius"
"3602","bugger all"
"3603","Sophocles"
"3604","bugger all"
"3605","Herodotus"
"3606","bugger all"
"3607","Polybius"
"3608","bugger all"
"3609","Athenaeus"
"3610","bugger all"
"3611","Athenaeus"
"3612","bugger all"
"3613","DiodorusSic"
"3614","bugger all"
"3615","Plutarch"
"3616","bugger all"
"3617","Thucydides"
"3618","bugger all"
"3619","Iliad"
"3620","bugger all"
"3621","Aeschylus"
"3622","bugger all"
"3623","Iliad"
"3624","bugger all"
"3625","Plutarch"
"3626","bugger all"
"3627","Hesiod"
"3628","bugger all"
"3629","Hesiod"
"3630","bugger all"
"3631","DiodorusSic"
"3632","bugger all"
"3633","Odyssey"
"3634","bugger all"
"3635","Odyssey"
"3636","bugger all"
"3637","Odyssey"
"3638","bugger all"
"3639","DiodorusSic"
"3640","bugger all"
"3641","Aeschylus"
"3642","bugger all"
"3643","Iliad"
"3644","bugger all"
"3645","Athenaeus"
"3646","bugger all"
"3647","Polybius"
"3648","bugger all"
"3649","Sophocles"
"3650","bugger all"
"3651","Plutarch"
"3652","bugger all"
"3653","Odyssey"
"3654","bugger all"
"3655","Odyssey"
"3656","bugger all"
"3657","Thucydides"
"3658","bugger all"
"3659","Iliad"
"3660","bugger all"
"3661","DiodorusSic"
"3662","bugger all"
"3663","Iliad"
"3664","bugger all"
"3665","Sophocles"
"3666","bugger all"
"3667","Sophocles"
"3668","bugger all"
"3669","Iliad"
"3670","bugger all"
"3671","Plutarch"
"3672","bugger all"
"3673","Thucydides"
"3674","bugger all"
"3675","DiodorusSic"
"3676","bugger all"
"3677","Athenaeus"
"3678","bugger all"
"3679","Aeschylus"
"3680","bugger all"
"3681","Herodotus"
"3682","bugger all"
"3683","Aeschylus"
"3684","bugger all"
"3685","Herodotus"
"3686","bugger all"
"3687","Odyssey"
"3688","bugger all"
"3689","Iliad"
"3690","bugger all"
"3691","Aeschylus"
"3692","bugger all"
"3693","Thucydides"
"3694","bugger all"
"3695","Athenaeus"
"3696","bugger all"
"3697","Athenaeus"
"3698","bugger all"
"3699","Sophocles"
"3700","bugger all"
"3701","DiodorusSic"
"3702","bugger all"
"3703","Sophocles"
"3704","bugger all"
"3705","Iliad"
"3706","bugger all"
"3707","Iliad"
"3708","bugger all"
"3709","Polybius"
"3710","bugger all"
"3711","Odyssey"
"3712","bugger all"
"3713","Aeschylus"
"3714","bugger all"
"3715","DiodorusSic"
"3716","bugger all"
"3717","Iliad"
"3718","bugger all"
"3719","Herodotus"
"3720","bugger all"
"3721","Odyssey"
"3722","bugger all"
"3723","Sophocles"
"3724","bugger all"
"3725","Aeschylus"
"3726","bugger all"
"3727","Herodotus"
"3728","bugger all"
"3729","Polybius"
"3730","bugger all"
"3731","Plutarch"
"3732","bugger all"
"3733","Athenaeus"
"3734","bugger all"
"3735","DiodorusSic"
"3736","bugger all"
"3737","DiodorusSic"
"3738","bugger all"
"3739","Plutarch"
"3740","bugger all"
"3741","Thucydides"
"3742","bugger all"
"3743","Aeschylus"
"3744","bugger all"
"3745","Aeschylus"
"3746","bugger all"
"3747","Odyssey"
"3748","bugger all"
"3749","Sophocles"
"3750","bugger all"
"3751","Sophocles"
"3752","bugger all"
"3753","Herodotus"
"3754","bugger all"
"3755","Sophocles"
"3756","bugger all"
"3757","Aeschylus"
"3758","bugger all"
"3759","Polybius"
"3760","bugger all"
"3761","Iliad"
"3762","bugger all"
"3763","Iliad"
"3764","bugger all"
"3765","Odyssey"
"3766","bugger all"
"3767","Polybius"
"3768","bugger all"
"3769","Athenaeus"
"3770","bugger all"
"3771","DiodorusSic"
"3772","bugger all"
"3773","Herodotus"
"3774","bugger all"
"3775","Aeschylus"
"3776","bugger all"
"3777","Iliad"
"3778","bugger all"
"3779","DiodorusSic"
"3780","bugger all"
"3781","Athenaeus"
"3782","bugger all"
"3783","Sophocles"
"3784","bugger all"
"3785","DiodorusSic"
"3786","bugger all"
"3787","Polybius"
"3788","bugger all"
"3789","DiodorusSic"
"3790","bugger all"
"3791","Aeschylus"
"3792","bugger all"
"3793","Iliad"
"3794","bugger all"
"3795","Polybius"
"3796","bugger all"
"3797","Polybius"
"3798","bugger all"
"3799","Herodotus"
"3800","bugger all"
"3801","DiodorusSic"
"3802","bugger all"
"3803","Herodotus"
"3804","bugger all"
"3805","Odyssey"
"3806","bugger all"
"3807","Odyssey"
"3808","bugger all"
"3809","Odyssey"
"3810","bugger all"
"3811","Sophocles"
"3812","bugger all"
"3813","Odyssey"
"3814","bugger all"
"3815","Thucydides"
"3816","bugger all"
"3817","Aeschylus"
"3818","bugger all"
"3819","Herodotus"
"3820","bugger all"
"3821","Thucydides"
"3822","bugger all"
"3823","Sophocles"
"3824","bugger all"
"3825","DiodorusSic"
"3826","bugger all"
"3827","Plutarch"
"3828","bugger all"
"3829","Polybius"
"3830","bugger all"
"3831","Odyssey"
"3832","bugger all"
"3833","DiodorusSic"
"3834","bugger all"
"3835","Hesiod"
"3836","bugger all"
"3837","Herodotus"
"3838","bugger all"
"3839","Athenaeus"
"3840","bugger all"
"3841","Iliad"
"3842","bugger all"
"3843","Iliad"
"3844","bugger all"
"3845","Athenaeus"
"3846","bugger all"
"3847","Iliad"
"3848","bugger all"
"3849","Hesiod"
"3850","bugger all"
"3851","Aeschylus"
"3852","bugger all"
"3853","Herodotus"
"3854","bugger all"
"3855","Iliad"
"3856","bugger all"
"3857","DiodorusSic"
"3858","bugger all"
"3859","Odyssey"
"3860","bugger all"
"3861","Aeschylus"
"3862","bugger all"
"3863","Sophocles"
"3864","bugger all"
"3865","Athenaeus"
"3866","bugger all"
"3867","Sophocles"
"3868","bugger all"
"3869","Sophocles"
"3870","bugger all"
"3871","Sophocles"
"3872","bugger all"
"3873","Sophocles"
"3874","bugger all"
"3875","Polybius"
"3876","bugger all"
"3877","Polybius"
"3878","bugger all"
"3879","Polybius"
"3880","bugger all"
"3881","Sophocles"
"3882","bugger all"
"3883","Aeschylus"
"3884","bugger all"
"3885","Polybius"
"3886","bugger all"
"3887","Odyssey"
"3888","bugger all"
"3889","Athenaeus"
"3890","bugger all"
"3891","Odyssey"
"3892","bugger all"
"3893","Herodotus"
"3894","bugger all"
"3895","Thucydides"
"3896","bugger all"
"3897","Plutarch"
"3898","bugger all"
"3899","Odyssey"
"3900","bugger all"
"3901","Iliad"
"3902","bugger all"
"3903","Herodotus"
"3904","bugger all"
"3905","Athenaeus"
"3906","bugger all"
"3907","Plutarch"
"3908","bugger all"
"3909","DiodorusSic"
"3910","bugger all"
"3911","Sophocles"
"3912","bugger all"
"3913","Aeschylus"
"3914","bugger all"
"3915","Odyssey"
"3916","bugger all"
"3917","Polybius"
"3918","bugger all"
"3919","Aeschylus"
"3920","bugger all"
"3921","Thucydides"
"3922","bugger all"
"3923","Athenaeus"
"3924","bugger all"
"3925","DiodorusSic"
"3926","bugger all"
"3927","Hesiod"
"3928","bugger all"
"3929","Odyssey"
"3930","bugger all"
"3931","Polybius"
"3932","bugger all"
"3933","Odyssey"
"3934","bugger all"
"3935","Odyssey"
"3936","bugger all"
"3937","Sophocles"
"3938","bugger all"
"3939","Iliad"
"3940","bugger all"
"3941","Odyssey"
"3942","bugger all"
"3943","Odyssey"
"3944","bugger all"
"3945","Odyssey"
"3946","bugger all"
"3947","Odyssey"
"3948","bugger all"
"3949","Thucydides"
"3950","bugger all"
"3951","Athenaeus"
"3952","bugger all"
"3953","Aeschylus"
"3954","bugger all"
"3955","Odyssey"
"3956","bugger all"
"3957","Herodotus"
"3958","bugger all"
"3959","Aeschylus"
"3960","bugger all"
"3961","Thucydides"
"3962","bugger all"
"3963","Athenaeus"
"3964","bugger all"
"3965","DiodorusSic"
"3966","bugger all"
"3967","Hesiod"
"3968","bugger all"
"3969","Plutarch"
"3970","bugger all"
"3971","Polybius"
"3972","bugger all"
"3973","DiodorusSic"
"3974","bugger all"
"3975","Aeschylus"
"3976","bugger all"
"3977","Aeschylus"
"3978","bugger all"
"3979","Athenaeus"
"3980","bugger all"
"3981","Odyssey"
"3982","bugger all"
"3983","DiodorusSic"
"3984","bugger all"
"3985","DiodorusSic"
"3986","bugger all"
"3987","DiodorusSic"
"3988","bugger all"
"3989","DiodorusSic"
"3990","bugger all"
"3991","Iliad"
"3992","bugger all"
"3993","Thucydides"
"3994","bugger all"
"3995","Sophocles"
"3996","bugger all"
"3997","DiodorusSic"
"3998","bugger all"
"3999","Athenaeus"
"4000","bugger all"
"4001","Thucydides"
"4002","bugger all"
"4003","DiodorusSic"
"4004","bugger all"
"4005","Polybius"
"4006","bugger all"
"4007","Athenaeus"
"4008","bugger all"
"4009","Polybius"
"4010","bugger all"
"4011","Thucydides"
"4012","bugger all"
"4013","Aeschylus"
"4014","bugger all"
"4015","Iliad"
"4016","bugger all"
"4017","Athenaeus"
"4018","bugger all"
"4019","Herodotus"
"4020","bugger all"
"4021","Thucydides"
"4022","bugger all"
"4023","Athenaeus"
"4024","bugger all"
"4025","Iliad"
"4026","bugger all"
"4027","Herodotus"
"4028","bugger all"
"4029","Thucydides"
"4030","bugger all"
"4031","Iliad"
"4032","bugger all"
"4033","Odyssey"
"4034","bugger all"
"4035","Thucydides"
"4036","bugger all"
"4037","Iliad"
"4038","bugger all"
"4039","Odyssey"
"4040","bugger all"
"4041","DiodorusSic"
"4042","bugger all"
"4043","Odyssey"
"4044","bugger all"
"4045","Iliad"
"4046","bugger all"
"4047","Odyssey"
"4048","bugger all"
"4049","Athenaeus"
"4050","bugger all"
"4051","Iliad"
"4052","bugger all"
"4053","Aeschylus"
"4054","bugger all"
"4055","Aeschylus"
"4056","bugger all"
"4057","DiodorusSic"
"4058","bugger all"
"4059","Thucydides"
"4060","bugger all"
"4061","Athenaeus"
"4062","bugger all"
"4063","Thucydides"
"4064","bugger all"
"4065","Iliad"
"4066","bugger all"
"4067","DiodorusSic"
"4068","bugger all"
"4069","Athenaeus"
"4070","bugger all"
"4071","Iliad"
"4072","bugger all"
"4073","Odyssey"
"4074","bugger all"
"4075","Polybius"
"4076","bugger all"
"4077","Iliad"
"4078","bugger all"
"4079","Polybius"
"4080","bugger all"
"4081","Iliad"
"4082","bugger all"
"4083","Hesiod"
"4084","bugger all"
"4085","Thucydides"
"4086","bugger all"
"4087","Athenaeus"
"4088","bugger all"
"4089","Iliad"
"4090","bugger all"
"4091","Polybius"
"4092","bugger all"
"4093","Herodotus"
"4094","bugger all"
"4095","Aeschylus"
"4096","bugger all"
"4097","Aeschylus"
"4098","bugger all"
"4099","Thucydides"
"4100","bugger all"
"4101","Iliad"
"4102","bugger all"
"4103","Plutarch"
"4104","bugger all"
"4105","Herodotus"
"4106","bugger all"
"4107","Athenaeus"
"4108","bugger all"
"4109","Polybius"
"4110","bugger all"
"4111","Sophocles"
"4112","bugger all"
"4113","Aeschylus"
"4114","bugger all"
"4115","Herodotus"
"4116","bugger all"
"4117","Hesiod"
"4118","bugger all"
"4119","Athenaeus"
"4120","bugger all"
"4121","DiodorusSic"
"4122","bugger all"
"4123","Aeschylus"
"4124","bugger all"
"4125","DiodorusSic"
"4126","bugger all"
"4127","Plutarch"
"4128","bugger all"
"4129","Sophocles"
"4130","bugger all"
"4131","Athenaeus"
"4132","bugger all"
"4133","Athenaeus"
"4134","bugger all"
"4135","Iliad"
"4136","bugger all"
"4137","Sophocles"
"4138","bugger all"
"4139","Herodotus"
"4140","bugger all"
"4141","Thucydides"
"4142","bugger all"
"4143","Polybius"
"4144","bugger all"
"4145","Polybius"
"4146","bugger all"
"4147","Plutarch"
"4148","bugger all"
"4149","Athenaeus"
"4150","bugger all"
"4151","Polybius"
"4152","bugger all"
"4153","Polybius"
"4154","bugger all"
"4155","Iliad"
"4156","bugger all"
"4157","DiodorusSic"
"4158","bugger all"
"4159","Hesiod"
"4160","bugger all"
"4161","Hesiod"
"4162","bugger all"
"4163","Odyssey"
"4164","bugger all"
"4165","Odyssey"
"4166","bugger all"
"4167","Athenaeus"
"4168","bugger all"
"4169","Polybius"
"4170","bugger all"
"4171","Thucydides"
"4172","bugger all"
"4173","Athenaeus"
"4174","bugger all"
"4175","Herodotus"
"4176","bugger all"
"4177","Iliad"
"4178","bugger all"
"4179","Iliad"
"4180","bugger all"
"4181","Odyssey"
"4182","bugger all"
"4183","Aeschylus"
"4184","bugger all"
"4185","Thucydides"
"4186","bugger all"
"4187","Iliad"
"4188","bugger all"
"4189","Herodotus"
"4190","bugger all"
"4191","Odyssey"
"4192","bugger all"
"4193","Iliad"
"4194","bugger all"
"4195","Athenaeus"
"4196","bugger all"
"4197","Aeschylus"
"4198","bugger all"
"4199","DiodorusSic"
"4200","bugger all"
"4201","Athenaeus"
"4202","bugger all"
"4203","Odyssey"
"4204","bugger all"
"4205","Athenaeus"
"4206","bugger all"
"4207","Iliad"
"4208","bugger all"
"4209","Thucydides"
"4210","bugger all"
"4211","DiodorusSic"
"4212","bugger all"
"4213","Aeschylus"
"4214","bugger all"
"4215","Iliad"
"4216","bugger all"
"4217","Odyssey"
"4218","bugger all"
"4219","DiodorusSic"
"4220","bugger all"
"4221","Herodotus"
"4222","bugger all"
"4223","Thucydides"
"4224","bugger all"
"4225","Thucydides"
"4226","bugger all"
"4227","Aeschylus"
"4228","bugger all"
"4229","DiodorusSic"
"4230","bugger all"
"4231","Athenaeus"
"4232","bugger all"
"4233","Polybius"
"4234","bugger all"
"4235","Sophocles"
"4236","bugger all"
"4237","Polybius"
"4238","bugger all"
"4239","Iliad"
"4240","bugger all"
"4241","Herodotus"
"4242","bugger all"
"4243","DiodorusSic"
"4244","bugger all"
"4245","Iliad"
"4246","bugger all"
"4247","Herodotus"
"4248","bugger all"
"4249","Iliad"
"4250","bugger all"
"4251","Aeschylus"
"4252","bugger all"
"4253","Polybius"
"4254","bugger all"
"4255","Odyssey"
"4256","bugger all"
"4257","Aeschylus"
"4258","bugger all"
"4259","Iliad"
"4260","bugger all"
"4261","Athenaeus"
"4262","bugger all"
"4263","Odyssey"
"4264","bugger all"
"4265","Athenaeus"
"4266","bugger all"
"4267","Sophocles"
"4268","bugger all"
"4269","Herodotus"
"4270","bugger all"
"4271","Thucydides"
"4272","bugger all"
"4273","Thucydides"
"4274","bugger all"
"4275","Thucydides"
"4276","bugger all"
"4277","Athenaeus"
"4278","bugger all"
"4279","Aeschylus"
"4280","bugger all"
"4281","DiodorusSic"
"4282","bugger all"
"4283","DiodorusSic"
"4284","bugger all"
"4285","Sophocles"
"4286","bugger all"
"4287","Thucydides"
"4288","bugger all"
"4289","Aeschylus"
"4290","bugger all"
"4291","Aeschylus"
"4292","bugger all"
"4293","Plutarch"
"4294","bugger all"
"4295","Aeschylus"
"4296","bugger all"
"4297","Iliad"
"4298","bugger all"
"4299","Polybius"
"4300","bugger all"
"4301","Iliad"
"4302","bugger all"
"4303","Aeschylus"
"4304","bugger all"
"4305","Sophocles"
"4306","bugger all"
"4307","DiodorusSic"
"4308","bugger all"
"4309","Odyssey"
"4310","bugger all"
"4311","Herodotus"
"4312","bugger all"
"4313","Athenaeus"
"4314","bugger all"
"4315","Iliad"
"4316","bugger all"
"4317","Iliad"
"4318","bugger all"
"4319","Thucydides"
"4320","bugger all"
"4321","Iliad"
"4322","bugger all"
"4323","Athenaeus"
"4324","bugger all"
"4325","Thucydides"
"4326","bugger all"
"4327","Thucydides"
"4328","bugger all"
"4329","Aeschylus"
"4330","bugger all"
"4331","Hesiod"
"4332","bugger all"
"4333","Aeschylus"
"4334","bugger all"
"4335","Aeschylus"
"4336","bugger all"
"4337","Polybius"
"4338","bugger all"
"4339","Plutarch"
"4340","bugger all"
"4341","Iliad"
"4342","bugger all"
"4343","Odyssey"
"4344","bugger all"
"4345","Plutarch"
"4346","bugger all"
"4347","Athenaeus"
"4348","bugger all"
"4349","Polybius"
"4350","bugger all"
"4351","Aeschylus"
"4352","bugger all"
"4353","Sophocles"
"4354","bugger all"
"4355","Herodotus"
"4356","bugger all"
"4357","Sophocles"
"4358","bugger all"
"4359","DiodorusSic"
"4360","bugger all"
"4361","Odyssey"
"4362","bugger all"
"4363","Herodotus"
"4364","bugger all"
"4365","Odyssey"
"4366","bugger all"
"4367","Herodotus"
"4368","bugger all"
"4369","Iliad"
"4370","bugger all"
"4371","Plutarch"
"4372","bugger all"
"4373","Thucydides"
"4374","bugger all"
"4375","Plutarch"
"4376","bugger all"
"4377","Sophocles"
"4378","bugger all"
"4379","Odyssey"
"4380","bugger all"
"4381","DiodorusSic"
"4382","bugger all"
"4383","Athenaeus"
"4384","bugger all"
"4385","DiodorusSic"
"4386","bugger all"
"4387","Herodotus"
"4388","bugger all"
"4389","Aeschylus"
"4390","bugger all"
"4391","Hesiod"
"4392","bugger all"
"4393","Thucydides"
"4394","bugger all"
"4395","Polybius"
"4396","bugger all"
"4397","Iliad"
"4398","bugger all"
"4399","Athenaeus"
"4400","bugger all"
"4401","Odyssey"
"4402","bugger all"
"4403","DiodorusSic"
"4404","bugger all"
"4405","Athenaeus"
"4406","bugger all"
"4407","Odyssey"
"4408","bugger all"
"4409","Aeschylus"
"4410","bugger all"
"4411","Athenaeus"
"4412","bugger all"
"4413","Herodotus"
"4414","bugger all"
"4415","Herodotus"
"4416","bugger all"
"4417","Athenaeus"
"4418","bugger all"
"4419","Hesiod"
"4420","bugger all"
"4421","Iliad"
"4422","bugger all"
"4423","Iliad"
"4424","bugger all"
"4425","DiodorusSic"
"4426","bugger all"
"4427","Aeschylus"
"4428","bugger all"
"4429","Thucydides"
"4430","bugger all"
"4431","Thucydides"
"4432","bugger all"
"4433","Sophocles"
"4434","bugger all"
"4435","Thucydides"
"4436","bugger all"
"4437","Herodotus"
"4438","bugger all"
"4439","DiodorusSic"
"4440","bugger all"
"4441","Athenaeus"
"4442","bugger all"
"4443","Hesiod"
"4444","bugger all"
"4445","DiodorusSic"
"4446","bugger all"
"4447","Odyssey"
"4448","bugger all"
"4449","Thucydides"
"4450","bugger all"
"4451","DiodorusSic"
"4452","bugger all"
"4453","Polybius"
"4454","bugger all"
"4455","Athenaeus"
"4456","bugger all"
"4457","Sophocles"
"4458","bugger all"
"4459","Herodotus"
"4460","bugger all"
"4461","Herodotus"
"4462","bugger all"
"4463","Plutarch"
"4464","bugger all"
"4465","Odyssey"
"4466","bugger all"
"4467","Herodotus"
"4468","bugger all"
"4469","Herodotus"
"4470","bugger all"
"4471","Aeschylus"
"4472","bugger all"
"4473","Plutarch"
"4474","bugger all"
"4475","Polybius"
"4476","bugger all"
"4477","Thucydides"
"4478","bugger all"
"4479","Iliad"
"4480","bugger all"
"4481","Polybius"
"4482","bugger all"
"4483","Aeschylus"
"4484","bugger all"
"4485","Herodotus"
"4486","bugger all"
"4487","Polybius"
"4488","bugger all"
"4489","Thucydides"
"4490","bugger all"
"4491","Iliad"
"4492","bugger all"
"4493","Sophocles"
"4494","bugger all"
"4495","Sophocles"
"4496","bugger all"
"4497","Iliad"
"4498","bugger all"
"4499","Herodotus"
"4500","bugger all"
"4501","Athenaeus"
"4502","bugger all"
"4503","Athenaeus"
"4504","bugger all"
"4505","Plutarch"
"4506","bugger all"
"4507","Athenaeus"
"4508","bugger all"
"4509","Herodotus"
"4510","bugger all"
"4511","Athenaeus"
"4512","bugger all"
"4513","Hesiod"
"4514","bugger all"
"4515","Odyssey"
"4516","bugger all"
"4517","Aeschylus"
"4518","bugger all"
"4519","Sophocles"
"4520","bugger all"
"4521","Iliad"
"4522","bugger all"
"4523","Sophocles"
"4524","bugger all"
"4525","Athenaeus"
"4526","bugger all"
"4527","Odyssey"
"4528","bugger all"
"4529","DiodorusSic"
"4530","bugger all"
"4531","Sophocles"
"4532","bugger all"
"4533","Polybius"
"4534","bugger all"
"4535","Odyssey"
"4536","bugger all"
"4537","DiodorusSic"
"4538","bugger all"
"4539","Athenaeus"
"4540","bugger all"
"4541","Sophocles"
"4542","bugger all"
"4543","Iliad"
"4544","bugger all"
"4545","Aeschylus"
"4546","bugger all"
"4547","Polybius"
"4548","bugger all"
"4549","Athenaeus"
"4550","bugger all"
"4551","Athenaeus"
"4552","bugger all"
"4553","DiodorusSic"
"4554","bugger all"
"4555","Herodotus"
"4556","bugger all"
"4557","Iliad"
"4558","bugger all"
"4559","Herodotus"
"4560","bugger all"
"4561","Aeschylus"
"4562","bugger all"
"4563","Iliad"
"4564","bugger all"
"4565","Odyssey"
"4566","bugger all"
"4567","Sophocles"
"4568","bugger all"
"4569","DiodorusSic"
"4570","bugger all"
"4571","Herodotus"
"4572","bugger all"
"4573","Athenaeus"
"4574","bugger all"
"4575","Thucydides"
"4576","bugger all"
"4577","Athenaeus"
"4578","bugger all"
"4579","Thucydides"
"4580","bugger all"
"4581","Polybius"
"4582","bugger all"
"4583","Plutarch"
"4584","bugger all"
"4585","Iliad"
"4586","bugger all"
"4587","Athenaeus"
"4588","bugger all"
"4589","DiodorusSic"
"4590","bugger all"
"4591","Iliad"
"4592","bugger all"
"4593","Herodotus"
"4594","bugger all"
"4595","Aeschylus"
"4596","bugger all"
"4597","Odyssey"
"4598","bugger all"
"4599","DiodorusSic"
"4600","bugger all"
"4601","Herodotus"
"4602","bugger all"
"4603","Odyssey"
"4604","bugger all"
"4605","Iliad"
"4606","bugger all"
"4607","Iliad"
"4608","bugger all"
"4609","DiodorusSic"
"4610","bugger all"
"4611","Thucydides"
"4612","bugger all"
"4613","Iliad"
"4614","bugger all"
"4615","Polybius"
"4616","bugger all"
"4617","Athenaeus"
"4618","bugger all"
"4619","Herodotus"
"4620","bugger all"
"4621","Aeschylus"
"4622","bugger all"
"4623","Odyssey"
"4624","bugger all"
"4625","Athenaeus"
"4626","bugger all"
"4627","Athenaeus"
"4628","bugger all"
"4629","Herodotus"
"4630","bugger all"
"4631","Sophocles"
"4632","bugger all"
"4633","Odyssey"
"4634","bugger all"
"4635","Athenaeus"
"4636","bugger all"
"4637","Aeschylus"
"4638","bugger all"
"4639","Polybius"
"4640","bugger all"
"4641","Sophocles"
"4642","bugger all"
"4643","Herodotus"
"4644","bugger all"
"4645","Herodotus"
"4646","bugger all"
"4647","Aeschylus"
"4648","bugger all"
"4649","Aeschylus"
"4650","bugger all"
"4651","Iliad"
"4652","bugger all"
"4653","Herodotus"
"4654","bugger all"
"4655","Athenaeus"
"4656","bugger all"
"4657","Iliad"
"4658","bugger all"
"4659","Polybius"
"4660","bugger all"
"4661","Aeschylus"
"4662","bugger all"
"4663","Athenaeus"
"4664","bugger all"
"4665","Odyssey"
"4666","bugger all"
"4667","Odyssey"
"4668","bugger all"
"4669","Aeschylus"
"4670","bugger all"
"4671","DiodorusSic"
"4672","bugger all"
"4673","Sophocles"
"4674","bugger all"
"4675","Herodotus"
"4676","bugger all"
"4677","DiodorusSic"
"4678","bugger all"
"4679","Plutarch"
"4680","bugger all"
"4681","Plutarch"
"4682","bugger all"
"4683","Iliad"
"4684","bugger all"
"4685","DiodorusSic"
"4686","bugger all"
"4687","Odyssey"
"4688","bugger all"
"4689","Athenaeus"
"4690","bugger all"
"4691","Athenaeus"
"4692","bugger all"
"4693","Odyssey"
"4694","bugger all"
"4695","Herodotus"
"4696","bugger all"
"4697","Hesiod"
"4698","bugger all"
"4699","Athenaeus"
"4700","bugger all"
"4701","Polybius"
"4702","bugger all"
"4703","Aeschylus"
"4704","bugger all"
"4705","Polybius"
"4706","bugger all"
"4707","Thucydides"
"4708","bugger all"
"4709","Odyssey"
"4710","bugger all"
"4711","Thucydides"
"4712","bugger all"
"4713","Plutarch"
"4714","bugger all"
"4715","Iliad"
"4716","bugger all"
"4717","DiodorusSic"
"4718","bugger all"
"4719","Athenaeus"
"4720","bugger all"
"4721","Odyssey"
"4722","bugger all"
"4723","Sophocles"
"4724","bugger all"
"4725","Iliad"
"4726","bugger all"
"4727","Hesiod"
"4728","bugger all"
"4729","DiodorusSic"
"4730","bugger all"
"4731","Thucydides"
"4732","bugger all"
"4733","Odyssey"
"4734","bugger all"
"4735","Polybius"
"4736","bugger all"
"4737","Iliad"
"4738","bugger all"
"4739","Iliad"
"4740","bugger all"
"4741","Herodotus"
"4742","bugger all"
"4743","DiodorusSic"
"4744","bugger all"
"4745","Herodotus"
"4746","bugger all"
"4747","Athenaeus"
"4748","bugger all"
"4749","Polybius"
"4750","bugger all"
"4751","Iliad"
"4752","bugger all"
"4753","Athenaeus"
"4754","bugger all"
"4755","Iliad"
"4756","bugger all"
"4757","Sophocles"
"4758","bugger all"
"4759","Odyssey"
"4760","bugger all"
"4761","Herodotus"
"4762","bugger all"
"4763","Aeschylus"
"4764","bugger all"
"4765","Athenaeus"
"4766","bugger all"
"4767","Thucydides"
"4768","bugger all"
"4769","Odyssey"
"4770","bugger all"
"4771","Thucydides"
"4772","bugger all"
"4773","Aeschylus"
"4774","bugger all"
"4775","Athenaeus"
"4776","bugger all"
"4777","DiodorusSic"
"4778","bugger all"
"4779","Polybius"
"4780","bugger all"
"4781","Herodotus"
"4782","bugger all"
"4783","Odyssey"
"4784","bugger all"
"4785","Odyssey"
"4786","bugger all"
"4787","Athenaeus"
"4788","bugger all"
"4789","Hesiod"
"4790","bugger all"
"4791","Plutarch"
"4792","bugger all"
"4793","Odyssey"
"4794","bugger all"
"4795","Herodotus"
"4796","bugger all"
"4797","Iliad"
"4798","bugger all"
"4799","Aeschylus"
"4800","bugger all"
